density,instance,algorithm,success,cost,optimum,expanded,ms,optimal,reachable
0.0,0,bfs,True,10.414213562373096,10.414213562373096,113,0.31519999993179226,True,True
0.0,0,ucs,True,10.414213562373096,10.414213562373096,103,0.5965000000287546,True,True
0.0,0,greedy,True,10.414213562373096,10.414213562373096,11,0.08470000011584489,True,True
0.0,0,astar,True,10.414213562373096,10.414213562373096,20,0.13469999976223335,True,True
0.0,1,bfs,True,9.242640687119286,9.242640687119286,95,0.2500000000509317,True,True
0.0,1,ucs,True,9.242640687119286,9.242640687119286,93,0.5309999996825354,True,True
0.0,1,greedy,True,9.242640687119286,9.242640687119286,9,0.05890000011277152,True,True
0.0,1,astar,True,9.242640687119286,9.242640687119286,14,0.08879999995770049,True,True
0.0,2,bfs,True,1.0,1.0,4,0.011099999937869143,True,True
0.0,2,ucs,True,1.0,1.0,4,0.022400000034394907,True,True
0.0,2,greedy,True,1.0,1.0,2,0.010100000054080738,True,True
0.0,2,astar,True,1.0,1.0,2,0.009500000032858225,True,True
0.0,3,bfs,True,10.0,10.0,111,0.2909999998337298,True,True
0.0,3,ucs,True,10.0,10.0,102,0.5663000001732144,True,True
0.0,3,greedy,True,10.0,10.0,11,0.08560000014767866,True,True
0.0,3,astar,True,10.0,10.0,11,0.08210000032704556,True,True
0.0,4,bfs,True,9.65685424949238,9.65685424949238,96,0.2598000000944012,True,True
0.0,4,ucs,True,9.65685424949238,9.65685424949238,99,0.5482999999912863,True,True
0.0,4,greedy,True,9.65685424949238,9.65685424949238,9,0.060599999869737076,True,True
0.0,4,astar,True,9.65685424949238,9.65685424949238,21,0.13020000005781185,True,True
0.0,5,bfs,True,13.727922061357857,13.727922061357857,121,0.32460000011269585,True,True
0.0,5,ucs,True,13.727922061357857,13.727922061357857,121,0.6352000000333646,True,True
0.0,5,greedy,True,13.727922061357857,13.727922061357857,11,0.09409999984200113,True,True
0.0,5,astar,True,13.727922061357857,13.727922061357857,19,0.16520000008313218,True,True
0.0,6,bfs,True,1.0,1.0,3,0.008900000011635711,True,True
0.0,6,ucs,True,1.0,1.0,3,0.019300000076327706,True,True
0.0,6,greedy,True,1.0,1.0,2,0.010199999906035373,True,True
0.0,6,astar,True,1.0,1.0,2,0.00940000018090359,True,True
0.0,7,bfs,True,6.0,6.0,55,0.146500000028027,True,True
0.0,7,ucs,True,6.0,6.0,49,0.2801000000545173,True,True
0.0,7,greedy,True,6.0,6.0,7,0.03969999988839845,True,True
0.0,7,astar,True,6.0,6.0,7,0.038099999983387534,True,True
0.0,8,bfs,True,10.242640687119286,10.242640687119286,105,0.2758999999059597,True,True
0.0,8,ucs,True,10.242640687119286,10.242640687119286,104,0.5732999998144805,True,True
0.0,8,greedy,True,10.242640687119286,10.242640687119286,10,0.06380000013450626,True,True
0.0,8,astar,True,10.242640687119286,10.242640687119286,17,0.10519999977987027,True,True
0.0,9,bfs,True,10.071067811865476,10.071067811865476,86,0.22780000017519342,True,True
0.0,9,ucs,True,10.071067811865476,10.071067811865476,99,1.3278999999783991,True,True
0.0,9,greedy,True,10.071067811865476,10.071067811865476,9,0.07610000011482043,True,True
0.0,9,astar,True,10.071067811865476,10.071067811865476,24,0.15699999994467362,True,True
0.0,10,bfs,True,3.0,3.0,19,0.051500000154192094,True,True
0.0,10,ucs,True,3.0,3.0,17,0.09820000013860408,True,True
0.0,10,greedy,True,3.0,3.0,4,0.02229999972769292,True,True
0.0,10,astar,True,3.0,3.0,4,0.02100000028804061,True,True
0.0,11,bfs,True,11.65685424949238,11.65685424949238,118,0.32360000022890745,True,True
0.0,11,ucs,True,11.65685424949238,11.65685424949238,117,0.6475000000136788,True,True
0.0,11,greedy,True,11.65685424949238,11.65685424949238,11,0.08780000007391209,True,True
0.0,11,astar,True,11.65685424949238,11.65685424949238,30,0.1998999996430939,True,True
0.0,12,bfs,True,11.242640687119286,11.242640687119286,117,0.30530000003636815,True,True
0.0,12,ucs,True,11.242640687119286,11.242640687119286,116,0.628599999799917,True,True
0.0,12,greedy,True,11.242640687119286,11.242640687119286,11,0.08609999986219918,True,True
0.0,12,astar,True,11.242640687119286,11.242640687119286,20,0.14099999998506973,True,True
0.0,13,bfs,True,10.485281374238571,10.485281374238571,99,0.2776000001176726,True,True
0.0,13,ucs,True,10.485281374238571,10.485281374238571,109,0.6069000000934466,True,True
0.0,13,greedy,True,10.485281374238571,10.485281374238571,9,0.09539999973640079,True,True
0.0,13,astar,True,10.485281374238571,10.485281374238571,20,0.14259999989008065,True,True
0.0,14,bfs,True,3.0,3.0,17,0.047900000026857015,True,True
0.0,14,ucs,True,3.0,3.0,14,0.07879999975557439,True,True
0.0,14,greedy,True,3.0,3.0,4,0.02100000028804061,True,True
0.0,14,astar,True,3.0,3.0,4,0.020200000108161476,True,True
0.0,15,bfs,True,12.485281374238571,12.485281374238571,121,0.33970000004046597,True,True
0.0,15,ucs,True,12.485281374238571,12.485281374238571,121,0.6676000002698856,True,True
0.0,15,greedy,True,12.485281374238571,12.485281374238571,11,0.08269999989352073,True,True
0.0,15,astar,True,12.485281374238571,12.485281374238571,34,0.22540000009030337,True,True
0.0,16,bfs,True,9.0,9.0,91,0.24179999991247314,True,True
0.0,16,ucs,True,9.0,9.0,75,0.424999999722786,True,True
0.0,16,greedy,True,9.0,9.0,10,0.05650000002788147,True,True
0.0,16,astar,True,9.0,9.0,10,0.05490000012287055,True,True
0.0,17,bfs,True,11.242640687119286,11.242640687119286,117,0.3063999997721112,True,True
0.0,17,ucs,True,11.242640687119286,11.242640687119286,116,0.6846000001132779,True,True
0.0,17,greedy,True,11.242640687119286,11.242640687119286,11,0.08729999990464421,True,True
0.0,17,astar,True,11.242640687119286,11.242640687119286,20,0.14109999983702437,True,True
0.0,18,bfs,True,10.65685424949238,10.65685424949238,108,0.2860000004147878,True,True
0.0,18,ucs,True,10.65685424949238,10.65685424949238,111,0.6111000002420042,True,True
0.0,18,greedy,True,10.65685424949238,10.65685424949238,10,0.06769999981770525,True,True
0.0,18,astar,True,10.65685424949238,10.65685424949238,25,0.16080000023066532,True,True
0.0,19,bfs,True,10.82842712474619,10.82842712474619,103,0.2859000001080858,True,True
0.0,19,ucs,True,10.82842712474619,10.82842712474619,93,0.5220000002736924,True,True
0.0,19,greedy,True,10.82842712474619,10.82842712474619,11,0.08119999984046444,True,True
0.0,19,astar,True,10.82842712474619,10.82842712474619,21,0.12010000000373111,True,True
0.0,20,bfs,True,9.414213562373096,9.414213562373096,92,0.24279999979626155,True,True
0.0,20,ucs,True,9.414213562373096,9.414213562373096,81,0.4741000002468354,True,True
0.0,20,greedy,True,9.414213562373096,9.414213562373096,10,0.07400000004054164,True,True
0.0,20,astar,True,9.414213562373096,9.414213562373096,18,0.10019999990618089,True,True
0.0,21,bfs,True,12.727922061357857,12.727922061357857,110,0.29109999968568445,True,True
0.0,21,ucs,True,12.727922061357857,12.727922061357857,118,0.6433999997170758,True,True
0.0,21,greedy,True,12.727922061357857,12.727922061357857,10,0.089399999978923,True,True
0.0,21,astar,True,12.727922061357857,12.727922061357857,10,0.08450000041193562,True,True
0.0,22,bfs,True,12.485281374238571,12.485281374238571,118,0.30800000013186946,True,True
0.0,22,ucs,True,12.485281374238571,12.485281374238571,117,0.6319999997685954,True,True
0.0,22,greedy,True,12.485281374238571,12.485281374238571,11,0.09110000019063591,True,True
0.0,22,astar,True,12.485281374238571,12.485281374238571,34,0.2393999998275831,True,True
0.0,23,bfs,True,1.0,1.0,2,0.005700000201613875,True,True
0.0,23,ucs,True,1.0,1.0,2,0.011699999959091656,True,True
0.0,23,greedy,True,1.0,1.0,2,0.009800000043469481,True,True
0.0,23,astar,True,1.0,1.0,2,0.00959999988481286,True,True
0.0,24,bfs,True,9.65685424949238,9.65685424949238,95,0.26209999987258925,True,True
0.0,24,ucs,True,9.65685424949238,9.65685424949238,94,0.5213999997977226,True,True
0.0,24,greedy,True,9.65685424949238,9.65685424949238,9,0.07360000017797574,True,True
0.0,24,astar,True,9.65685424949238,9.65685424949238,21,0.13169999965612078,True,True
0.0,25,bfs,True,1.4142135623730951,1.4142135623730951,6,0.015900000107649248,True,True
0.0,25,ucs,True,1.4142135623730951,1.4142135623730951,6,0.03259999994043028,True,True
0.0,25,greedy,True,1.4142135623730951,1.4142135623730951,2,0.010100000054080738,True,True
0.0,25,astar,True,1.4142135623730951,1.4142135623730951,2,0.009500000032858225,True,True
0.0,26,bfs,True,7.0,7.0,73,0.2860999998119951,True,True
0.0,26,ucs,True,7.0,7.0,57,0.3160000001116714,True,True
0.0,26,greedy,True,7.0,7.0,8,0.04360000002634479,True,True
0.0,26,astar,True,7.0,7.0,8,0.042499999835854396,True,True
0.0,27,bfs,True,12.313708498984761,12.313708498984761,110,0.2978000002258341,True,True
0.0,27,ucs,True,12.313708498984761,12.313708498984761,118,0.6243000002541521,True,True
0.0,27,greedy,True,12.313708498984761,12.313708498984761,10,0.08280000020022271,True,True
0.0,27,astar,True,12.313708498984761,12.313708498984761,17,0.13519999993150122,True,True
0.0,28,bfs,True,12.899494936611665,12.899494936611665,108,0.29259999973874073,True,True
0.0,28,ucs,True,12.899494936611665,12.899494936611665,115,0.623600000380975,True,True
0.0,28,greedy,True,12.899494936611665,12.899494936611665,11,0.09080000018002465,True,True
0.0,28,astar,True,12.899494936611665,12.899494936611665,30,0.20529999983409652,True,True
0.0,29,bfs,True,13.313708498984761,13.313708498984761,120,0.31110000008993666,True,True
0.0,29,ucs,True,13.313708498984761,13.313708498984761,120,0.6450999999287887,True,True
0.0,29,greedy,True,13.313708498984761,13.313708498984761,11,0.09490000002188026,True,True
0.0,29,astar,True,13.313708498984761,13.313708498984761,26,0.1930000003085297,True,True
0.0,30,bfs,True,12.313708498984761,12.313708498984761,99,0.26789999992615776,True,True
0.0,30,ucs,True,12.313708498984761,12.313708498984761,115,0.6116999998084793,True,True
0.0,30,greedy,True,12.313708498984761,12.313708498984761,10,0.08709999974598759,True,True
0.0,30,astar,True,12.313708498984761,12.313708498984761,17,0.16150000010384247,True,True
0.0,31,bfs,True,6.0,6.0,64,0.1677999998719315,True,True
0.0,31,ucs,True,6.0,6.0,50,0.3171999996993691,True,True
0.0,31,greedy,True,6.0,6.0,7,0.07129999994504033,True,True
0.0,31,astar,True,6.0,6.0,7,0.06579999990208307,True,True
0.0,32,bfs,True,10.82842712474619,10.82842712474619,115,0.3640999998424377,True,True
0.0,32,ucs,True,10.82842712474619,10.82842712474619,113,0.6349000000227534,True,True
0.0,32,greedy,True,10.82842712474619,10.82842712474619,11,0.08569999999963329,True,True
0.0,32,astar,True,10.82842712474619,10.82842712474619,21,0.14699999974254752,True,True
0.0,33,bfs,True,7.656854249492381,7.656854249492381,75,0.20040000026710914,True,True
0.0,33,ucs,True,7.656854249492381,7.656854249492381,77,0.4340000000411237,True,True
0.0,33,greedy,True,7.656854249492381,7.656854249492381,7,0.051900000016757986,True,True
0.0,33,astar,True,7.656854249492381,7.656854249492381,12,0.08469999966109754,True,True
0.0,34,bfs,True,3.0,3.0,24,0.06249999978535925,True,True
0.0,34,ucs,True,3.0,3.0,18,0.10199999996984843,True,True
0.0,34,greedy,True,3.0,3.0,4,0.020500000118772732,True,True
0.0,34,astar,True,3.0,3.0,4,0.02029999996011611,True,True
0.0,35,bfs,True,12.071067811865476,12.071067811865476,120,0.31709999984741444,True,True
0.0,35,ucs,True,12.071067811865476,12.071067811865476,120,0.6381000002875226,True,True
0.0,35,greedy,True,12.071067811865476,12.071067811865476,11,0.088099999629776,True,True
0.0,35,astar,True,12.071067811865476,12.071067811865476,36,0.2304000004187401,True,True
0.0,36,bfs,True,9.0,9.0,91,0.251500000103988,True,True
0.0,36,ucs,True,9.0,9.0,67,0.3735999998752959,True,True
0.0,36,greedy,True,9.0,9.0,10,0.051700000312848715,True,True
0.0,36,astar,True,9.0,9.0,10,0.04979999994247919,True,True
0.0,37,bfs,True,10.0,10.0,101,0.26650000017980346,True,True
0.0,37,ucs,True,10.0,10.0,81,0.4598999998961517,True,True
0.0,37,greedy,True,10.0,10.0,11,0.0594000002820394,True,True
0.0,37,astar,True,10.0,10.0,11,0.05740000005971524,True,True
0.0,38,bfs,True,13.313708498984761,13.313708498984761,109,0.28529999963211594,True,True
0.0,38,ucs,True,13.313708498984761,13.313708498984761,117,0.628700000106619,True,True
0.0,38,greedy,True,13.313708498984761,13.313708498984761,11,0.09159999990515644,True,True
0.0,38,astar,True,13.313708498984761,13.313708498984761,26,0.1932999998643936,True,True
0.0,39,bfs,True,6.656854249492381,6.656854249492381,59,0.15200000007098424,True,True
0.0,39,ucs,True,6.656854249492381,6.656854249492381,66,0.36559999989549397,True,True
0.0,39,greedy,True,6.656854249492381,6.656854249492381,6,0.046999999995023245,True,True
0.0,39,astar,True,6.656854249492381,6.656854249492381,7,0.04829999988942291,True,True
0.0,40,bfs,True,1.0,1.0,4,0.011300000096525764,True,True
0.0,40,ucs,True,1.0,1.0,4,0.024200000098062446,True,True
0.0,40,greedy,True,1.0,1.0,2,0.009899999895424116,True,True
0.0,40,astar,True,1.0,1.0,2,0.00959999988481286,True,True
0.0,41,bfs,True,2.0,2.0,9,0.02389999963270384,True,True
0.0,41,ucs,True,2.0,2.0,8,0.04660000013245735,True,True
0.0,41,greedy,True,2.0,2.0,3,0.015800000255694613,True,True
0.0,41,astar,True,2.0,2.0,3,0.015299999631679384,True,True
0.0,42,bfs,True,7.656854249492381,7.656854249492381,65,0.16499999992447556,True,True
0.0,42,ucs,True,7.656854249492381,7.656854249492381,75,0.4156999998485844,True,True
0.0,42,greedy,True,7.656854249492381,7.656854249492381,7,0.05599999985861359,True,True
0.0,42,astar,True,7.656854249492381,7.656854249492381,12,0.08109999998850981,True,True
0.0,43,bfs,True,8.414213562373096,8.414213562373096,74,0.19569999994928367,True,True
0.0,43,ucs,True,8.414213562373096,8.414213562373096,67,0.37560000009762007,True,True
0.0,43,greedy,True,8.414213562373096,8.414213562373096,9,0.058799999806069536,True,True
0.0,43,astar,True,8.414213562373096,8.414213562373096,16,0.0874000002113462,True,True
0.0,44,bfs,True,8.0,8.0,82,0.2160999997613544,True,True
0.0,44,ucs,True,8.0,8.0,62,0.3345999998600746,True,True
0.0,44,greedy,True,8.0,8.0,9,0.047899999572109664,True,True
0.0,44,astar,True,8.0,8.0,9,0.046800000291113975,True,True
0.0,45,bfs,True,12.899494936611665,12.899494936611665,120,0.4232000001138658,True,True
0.0,45,ucs,True,12.899494936611665,12.899494936611665,120,0.6661000002168294,True,True
0.0,45,greedy,True,12.899494936611665,12.899494936611665,11,0.09469999986322364,True,True
0.0,45,astar,True,12.899494936611665,12.899494936611665,30,0.2102999997077859,True,True
0.0,46,bfs,True,8.0,8.0,82,0.21800000013172394,True,True
0.0,46,ucs,True,8.0,8.0,62,0.3478999997241772,True,True
0.0,46,greedy,True,8.0,8.0,9,0.04820000003746827,True,True
0.0,46,astar,True,8.0,8.0,9,0.04709999984697788,True,True
0.0,47,bfs,True,9.0,9.0,82,0.2196999998886895,True,True
0.0,47,ucs,True,9.0,9.0,66,0.37309999970602803,True,True
0.0,47,greedy,True,9.0,9.0,10,0.060200000007171184,True,True
0.0,47,astar,True,9.0,9.0,10,0.052599999889935134,True,True
0.0,48,bfs,True,6.242640687119286,6.242640687119286,51,0.13179999996282277,True,True
0.0,48,ucs,True,6.242640687119286,6.242640687119286,52,0.28100000008635106,True,True
0.0,48,greedy,True,6.242640687119286,6.242640687119286,6,0.039399999877787195,True,True
0.0,48,astar,True,6.242640687119286,6.242640687119286,8,0.05330000021785963,True,True
0.0,49,bfs,True,1.0,1.0,4,0.01049999991664663,True,True
0.0,49,ucs,True,1.0,1.0,4,0.023800000235496555,True,True
0.0,49,greedy,True,1.0,1.0,2,0.009800000043469481,True,True
0.0,49,astar,True,1.0,1.0,2,0.00959999988481286,True,True
0.0,50,bfs,True,8.0,8.0,81,0.22309999985736795,True,True
0.0,50,ucs,True,8.0,8.0,69,0.3783000001931214,True,True
0.0,50,greedy,True,8.0,8.0,9,0.04949999993186793,True,True
0.0,50,astar,True,8.0,8.0,9,0.04829999988942291,True,True
0.0,51,bfs,True,8.485281374238571,8.485281374238571,77,0.2002000001084525,True,True
0.0,51,ucs,True,8.485281374238571,8.485281374238571,87,0.4896000000371714,True,True
0.0,51,greedy,True,8.485281374238571,8.485281374238571,7,0.05819999978484702,True,True
0.0,51,astar,True,8.485281374238571,8.485281374238571,7,0.05609999971056823,True,True
0.0,52,bfs,True,12.899494936611665,12.899494936611665,108,0.28420000035112025,True,True
0.0,52,ucs,True,12.899494936611665,12.899494936611665,115,0.6308000001808978,True,True
0.0,52,greedy,True,12.899494936611665,12.899494936611665,11,0.09170000021185842,True,True
0.0,52,astar,True,12.899494936611665,12.899494936611665,30,0.20050000011906377,True,True
0.0,53,bfs,True,7.0710678118654755,7.0710678118654755,66,0.17530000013721292,True,True
0.0,53,ucs,True,7.0710678118654755,7.0710678118654755,72,0.4580999998324842,True,True
0.0,53,greedy,True,7.0710678118654755,7.0710678118654755,6,0.05160000000614673,True,True
0.0,53,astar,True,7.0710678118654755,7.0710678118654755,6,0.04799999987881165,True,True
0.0,54,bfs,True,8.82842712474619,8.82842712474619,93,0.24639999992359662,True,True
0.0,54,ucs,True,8.82842712474619,8.82842712474619,83,0.4742999999507447,True,True
0.0,54,greedy,True,8.82842712474619,8.82842712474619,9,0.06860000030428637,True,True
0.0,54,astar,True,8.82842712474619,8.82842712474619,21,0.12139999989813077,True,True
0.0,55,bfs,True,1.0,1.0,3,0.008399999842367833,True,True
0.0,55,ucs,True,1.0,1.0,3,0.017099999695346924,True,True
0.0,55,greedy,True,1.0,1.0,2,0.009999999747378752,True,True
0.0,55,astar,True,1.0,1.0,2,0.00959999988481286,True,True
0.0,56,bfs,True,5.0,5.0,51,0.13519999993150122,True,True
0.0,56,ucs,True,5.0,5.0,41,0.23320000036619604,True,True
0.0,56,greedy,True,5.0,5.0,6,0.03329999981360743,True,True
0.0,56,astar,True,5.0,5.0,6,0.03240000023652101,True,True
0.0,57,bfs,True,13.313708498984761,13.313708498984761,121,0.3311000000394415,True,True
0.0,57,ucs,True,13.313708498984761,13.313708498984761,121,0.6367999999383755,True,True
0.0,57,greedy,True,13.313708498984761,13.313708498984761,11,0.08990000014819088,True,True
0.0,57,astar,True,13.313708498984761,13.313708498984761,26,0.19060000022363965,True,True
0.0,58,bfs,True,11.65685424949238,11.65685424949238,119,0.3229999997529376,True,True
0.0,58,ucs,True,11.65685424949238,11.65685424949238,119,0.6428000001506007,True,True
0.0,58,greedy,True,11.65685424949238,11.65685424949238,11,0.07430000005115289,True,True
0.0,58,astar,True,11.65685424949238,11.65685424949238,30,0.19010000005437178,True,True
0.0,59,bfs,True,4.0,4.0,25,0.06480000001829467,True,True
0.0,59,ucs,True,4.0,4.0,24,0.12730000025840127,True,True
0.0,59,greedy,True,4.0,4.0,5,0.027499999760038918,True,True
0.0,59,astar,True,4.0,4.0,5,0.026400000024295878,True,True
0.0,60,bfs,True,4.0,4.0,21,0.054800000270915916,True,True
0.0,60,ucs,True,4.0,4.0,20,0.10629999997036066,True,True
0.0,60,greedy,True,4.0,4.0,5,0.027099999897473026,True,True
0.0,60,astar,True,4.0,4.0,5,0.02610000001368462,True,True
0.0,61,bfs,True,8.82842712474619,8.82842712474619,84,0.2214000001004024,True,True
0.0,61,ucs,True,8.82842712474619,8.82842712474619,81,0.45490000002246234,True,True
0.0,61,greedy,True,8.82842712474619,8.82842712474619,9,0.054599999657511944,True,True
0.0,61,astar,True,8.82842712474619,8.82842712474619,21,0.11880000010933145,True,True
0.0,62,bfs,True,4.414213562373095,4.414213562373095,27,0.07019999975454994,True,True
0.0,62,ucs,True,4.414213562373095,4.414213562373095,25,0.14280000004873727,True,True
0.0,62,greedy,True,4.414213562373095,4.414213562373095,5,0.02700000004551839,True,True
0.0,62,astar,True,4.414213562373095,4.414213562373095,8,0.043000000005122274,True,True
0.0,63,bfs,True,13.313708498984761,13.313708498984761,119,0.31659999967814656,True,True
0.0,63,ucs,True,13.313708498984761,13.313708498984761,118,0.623500000074273,True,True
0.0,63,greedy,True,13.313708498984761,13.313708498984761,11,0.09159999990515644,True,True
0.0,63,astar,True,13.313708498984761,13.313708498984761,26,0.19500000007610652,True,True
0.0,64,bfs,True,11.242640687119286,11.242640687119286,116,0.3031000001101347,True,True
0.0,64,ucs,True,11.242640687119286,11.242640687119286,114,0.6210000001374283,True,True
0.0,64,greedy,True,11.242640687119286,11.242640687119286,11,0.09520000003249152,True,True
0.0,64,astar,True,11.242640687119286,11.242640687119286,20,0.14109999983702437,True,True
0.0,65,bfs,True,4.0,4.0,29,0.07989999994606478,True,True
0.0,65,ucs,True,4.0,4.0,27,0.156799999786017,True,True
0.0,65,greedy,True,4.0,4.0,5,0.027600000066740904,True,True
0.0,65,astar,True,4.0,4.0,5,0.026300000172341242,True,True
0.0,66,bfs,True,10.82842712474619,10.82842712474619,113,0.29279999989739736,True,True
0.0,66,ucs,True,10.82842712474619,10.82842712474619,94,0.6290000001172302,True,True
0.0,66,greedy,True,10.82842712474619,10.82842712474619,11,0.08210000032704556,True,True
0.0,66,astar,True,10.82842712474619,10.82842712474619,21,0.1295000001846347,True,True
0.0,67,bfs,True,10.0,10.0,101,0.27709999994840473,True,True
0.0,67,ucs,True,10.0,10.0,81,0.45539999973698286,True,True
0.0,67,greedy,True,10.0,10.0,11,0.05939999982729205,True,True
0.0,67,astar,True,10.0,10.0,11,0.058399999943503644,True,True
0.0,68,bfs,True,10.414213562373096,10.414213562373096,113,0.2953999996861967,True,True
0.0,68,ucs,True,10.414213562373096,10.414213562373096,103,0.5645000001095468,True,True
0.0,68,greedy,True,10.414213562373096,10.414213562373096,11,0.08079999997789855,True,True
0.0,68,astar,True,10.414213562373096,10.414213562373096,20,0.13850000004822505,True,True
0.0,69,bfs,True,12.071067811865476,12.071067811865476,106,0.2887999999074964,True,True
0.0,69,ucs,True,12.071067811865476,12.071067811865476,108,0.5833999998685613,True,True
0.0,69,greedy,True,12.071067811865476,12.071067811865476,11,0.08380000008401112,True,True
0.0,69,astar,True,12.071067811865476,12.071067811865476,36,0.2129999998032872,True,True
0.0,70,bfs,True,7.414213562373095,7.414213562373095,65,0.18669999963094597,True,True
0.0,70,ucs,True,7.414213562373095,7.414213562373095,55,0.3071999999519903,True,True
0.0,70,greedy,True,7.414213562373095,7.414213562373095,8,0.053700000080425525,True,True
0.0,70,astar,True,7.414213562373095,7.414213562373095,14,0.07649999997738632,True,True
0.0,71,bfs,True,7.414213562373095,7.414213562373095,82,0.22120000039649312,True,True
0.0,71,ucs,True,7.414213562373095,7.414213562373095,70,0.39049999986673356,True,True
0.0,71,greedy,True,7.414213562373095,7.414213562373095,8,0.05890000011277152,True,True
0.0,71,astar,True,7.414213562373095,7.414213562373095,14,0.07860000005166512,True,True
0.0,72,bfs,True,12.071067811865476,12.071067811865476,119,0.320099999953527,True,True
0.0,72,ucs,True,12.071067811865476,12.071067811865476,119,0.6342000001495762,True,True
0.0,72,greedy,True,12.071067811865476,12.071067811865476,11,0.08870000010574586,True,True
0.0,72,astar,True,12.071067811865476,12.071067811865476,36,0.2502000002095883,True,True
0.0,73,bfs,True,6.0,6.0,57,0.15060000032462995,True,True
0.0,73,ucs,True,6.0,6.0,45,0.3022999999302556,True,True
0.0,73,greedy,True,6.0,6.0,7,0.03880000031131203,True,True
0.0,73,astar,True,6.0,6.0,7,0.06369999982780428,True,True
0.0,74,bfs,True,3.414213562373095,3.414213562373095,14,0.037599999814119656,True,True
0.0,74,ucs,True,3.414213562373095,3.414213562373095,15,0.0835999999253545,True,True
0.0,74,greedy,True,3.414213562373095,3.414213562373095,4,0.02390000008745119,True,True
0.0,74,astar,True,3.414213562373095,3.414213562373095,6,0.03259999994043028,True,True
0.0,75,bfs,True,8.414213562373096,8.414213562373096,92,0.24329999996552942,True,True
0.0,75,ucs,True,8.414213562373096,8.414213562373096,77,0.4300999999031774,True,True
0.0,75,greedy,True,8.414213562373096,8.414213562373096,9,0.0660000000607397,True,True
0.0,75,astar,True,8.414213562373096,8.414213562373096,16,0.08870000010574586,True,True
0.0,76,bfs,True,10.899494936611665,10.899494936611665,88,0.24459999985992908,True,True
0.0,76,ucs,True,10.899494936611665,10.899494936611665,109,0.5866999999852851,True,True
0.0,76,greedy,True,10.899494936611665,10.899494936611665,9,0.07679999998799758,True,True
0.0,76,astar,True,10.899494936611665,10.899494936611665,16,0.11730000005627517,True,True
0.0,77,bfs,True,12.899494936611665,12.899494936611665,120,0.3137999997306906,True,True
0.0,77,ucs,True,12.899494936611665,12.899494936611665,120,0.6358000000545871,True,True
0.0,77,greedy,True,12.899494936611665,12.899494936611665,11,0.09959999988495838,True,True
0.0,77,astar,True,12.899494936611665,12.899494936611665,30,0.21559999959208653,True,True
0.0,78,bfs,True,10.414213562373096,10.414213562373096,113,0.2959000003102119,True,True
0.0,78,ucs,True,10.414213562373096,10.414213562373096,97,0.5421999999271065,True,True
0.0,78,greedy,True,10.414213562373096,10.414213562373096,11,0.06300000040937448,True,True
0.0,78,astar,True,10.414213562373096,10.414213562373096,20,0.11249999988649506,True,True
0.0,79,bfs,True,9.0,9.0,101,0.2675999999155465,True,True
0.0,79,ucs,True,9.0,9.0,76,0.43730000015784753,True,True
0.0,79,greedy,True,9.0,9.0,10,0.06189999976413674,True,True
0.0,79,astar,True,9.0,9.0,10,0.05310000005920301,True,True
0.0,80,bfs,True,11.242640687119286,11.242640687119286,116,0.3015000002051238,True,True
0.0,80,ucs,True,11.242640687119286,11.242640687119286,116,0.6321000000752974,True,True
0.0,80,greedy,True,11.242640687119286,11.242640687119286,11,0.08469999966109754,True,True
0.0,80,astar,True,11.242640687119286,11.242640687119286,20,0.137400000312482,True,True
0.0,81,bfs,True,9.82842712474619,9.82842712474619,103,0.2816999999595282,True,True
0.0,81,ucs,True,9.82842712474619,9.82842712474619,95,0.5271999998512911,True,True
0.0,81,greedy,True,9.82842712474619,9.82842712474619,10,0.058600000102160266,True,True
0.0,81,astar,True,9.82842712474619,9.82842712474619,21,0.12010000000373111,True,True
0.0,82,bfs,True,3.0,3.0,16,0.05580000015470432,True,True
0.0,82,ucs,True,3.0,3.0,16,0.12369999967631884,True,True
0.0,82,greedy,True,3.0,3.0,4,0.022600000193051528,True,True
0.0,82,astar,True,3.0,3.0,4,0.02099999983329326,True,True
0.0,83,bfs,True,10.071067811865476,10.071067811865476,96,0.25300000015704427,True,True
0.0,83,ucs,True,10.071067811865476,10.071067811865476,100,0.6405999997696199,True,True
0.0,83,greedy,True,10.071067811865476,10.071067811865476,9,0.10180000026593916,True,True
0.0,83,astar,True,10.071067811865476,10.071067811865476,24,0.16180000011445372,True,True
0.0,84,bfs,True,12.485281374238571,12.485281374238571,107,0.30689999994137906,True,True
0.0,84,ucs,True,12.485281374238571,12.485281374238571,112,0.6416000001081557,True,True
0.0,84,greedy,True,12.485281374238571,12.485281374238571,11,0.09390000013809185,True,True
0.0,84,astar,True,12.485281374238571,12.485281374238571,34,0.553599999875587,True,True
0.0,85,bfs,True,8.242640687119286,8.242640687119286,74,0.20539999968605116,True,True
0.0,85,ucs,True,8.242640687119286,8.242640687119286,79,0.5414000002019748,True,True
0.0,85,greedy,True,8.242640687119286,8.242640687119286,8,0.06599999960599234,True,True
0.0,85,astar,True,8.242640687119286,8.242640687119286,11,0.09200000022246968,True,True
0.0,86,bfs,True,10.485281374238571,10.485281374238571,97,0.2598000000944012,True,True
0.0,86,ucs,True,10.485281374238571,10.485281374238571,105,0.5776999996669474,True,True
0.0,86,greedy,True,10.485281374238571,10.485281374238571,9,0.17519999983051093,True,True
0.0,86,astar,True,10.485281374238571,10.485281374238571,20,0.2797000001919514,True,True
0.0,87,bfs,True,10.82842712474619,10.82842712474619,114,0.7639999998900748,True,True
0.0,87,ucs,True,10.82842712474619,10.82842712474619,102,0.8967000003394787,True,True
0.0,87,greedy,True,10.82842712474619,10.82842712474619,11,0.08849999994708924,True,True
0.0,87,astar,True,10.82842712474619,10.82842712474619,21,0.14199999986885814,True,True
0.0,88,bfs,True,1.0,1.0,3,0.010300000212737359,True,True
0.0,88,ucs,True,1.0,1.0,3,0.019500000234984327,True,True
0.0,88,greedy,True,1.0,1.0,2,0.010000000202126103,True,True
0.0,88,astar,True,1.0,1.0,2,0.009299999874201603,True,True
0.0,89,bfs,True,10.0,10.0,111,0.2908999999817752,True,True
0.0,89,ucs,True,10.0,10.0,82,0.46939999992900994,True,True
0.0,89,greedy,True,10.0,10.0,11,0.059299999975337414,True,True
0.0,89,astar,True,10.0,10.0,11,0.05689999989044736,True,True
0.0,90,bfs,True,10.485281374238571,10.485281374238571,97,0.3612000000430271,True,True
0.0,90,ucs,True,10.485281374238571,10.485281374238571,105,0.7112000002962304,True,True
0.0,90,greedy,True,10.485281374238571,10.485281374238571,9,0.08309999975608662,True,True
0.0,90,astar,True,10.485281374238571,10.485281374238571,20,0.1965000001291628,True,True
0.0,91,bfs,True,11.65685424949238,11.65685424949238,117,0.314899999921181,True,True
0.0,91,ucs,True,11.65685424949238,11.65685424949238,115,0.6275999999161286,True,True
0.0,91,greedy,True,11.65685424949238,11.65685424949238,11,0.10270000029777293,True,True
0.0,91,astar,True,11.65685424949238,11.65685424949238,30,0.19859999974869424,True,True
0.0,92,bfs,True,12.071067811865476,12.071067811865476,119,0.3139000000373926,True,True
0.0,92,ucs,True,12.071067811865476,12.071067811865476,119,0.6945999998606567,True,True
0.0,92,greedy,True,12.071067811865476,12.071067811865476,11,0.09300000010625808,True,True
0.0,92,astar,True,12.071067811865476,12.071067811865476,36,0.23779999992257217,True,True
0.0,93,bfs,True,10.414213562373096,10.414213562373096,113,0.3022999999302556,True,True
0.0,93,ucs,True,10.414213562373096,10.414213562373096,108,0.6063000000722241,True,True
0.0,93,greedy,True,10.414213562373096,10.414213562373096,11,0.0905000001694134,True,True
0.0,93,astar,True,10.414213562373096,10.414213562373096,20,0.19800000018221908,True,True
0.0,94,bfs,True,6.82842712474619,6.82842712474619,53,0.14209999972081278,True,True
0.0,94,ucs,True,6.82842712474619,6.82842712474619,54,0.30030000016267877,True,True
0.0,94,greedy,True,6.82842712474619,6.82842712474619,7,0.04370000033304677,True,True
0.0,94,astar,True,6.82842712474619,6.82842712474619,15,0.08650000017951243,True,True
0.0,95,bfs,True,5.0,5.0,31,0.08079999997789855,True,True
0.0,95,ucs,True,5.0,5.0,24,0.12969999988854397,True,True
0.0,95,greedy,True,5.0,5.0,6,0.030500000320898835,True,True
0.0,95,astar,True,5.0,5.0,6,0.028700000257231295,True,True
0.0,96,bfs,True,6.656854249492381,6.656854249492381,59,0.17179999986183248,True,True
0.0,96,ucs,True,6.656854249492381,6.656854249492381,66,0.3671999998005049,True,True
0.0,96,greedy,True,6.656854249492381,6.656854249492381,6,0.04910000006930204,True,True
0.0,96,astar,True,6.656854249492381,6.656854249492381,7,0.04910000006930204,True,True
0.0,97,bfs,True,3.0,3.0,24,0.06419999999707215,True,True
0.0,97,ucs,True,3.0,3.0,18,0.1059999999597494,True,True
0.0,97,greedy,True,3.0,3.0,4,0.021299999843904516,True,True
0.0,97,astar,True,3.0,3.0,4,0.020699999822682003,True,True
0.0,98,bfs,True,8.414213562373096,8.414213562373096,92,0.246300000071642,True,True
0.0,98,ucs,True,8.414213562373096,8.414213562373096,77,0.43730000015784753,True,True
0.0,98,greedy,True,8.414213562373096,8.414213562373096,9,0.06830000029367511,True,True
0.0,98,astar,True,8.414213562373096,8.414213562373096,16,0.09229999977833359,True,True
0.0,99,bfs,True,10.899494936611665,10.899494936611665,88,0.23310000005949405,True,True
0.0,99,ucs,True,10.899494936611665,10.899494936611665,109,0.6109999999353022,True,True
0.0,99,greedy,True,10.899494936611665,10.899494936611665,9,0.08090000028460054,True,True
0.0,99,astar,True,10.899494936611665,10.899494936611665,16,0.11689999973896192,True,True
0.0,100,bfs,True,5.242640687119286,5.242640687119286,36,0.1015000002553279,True,True
0.0,100,ucs,True,5.242640687119286,5.242640687119286,43,0.2573000001575565,True,True
0.0,100,greedy,True,5.242640687119286,5.242640687119286,5,0.03990000004705507,True,True
0.0,100,astar,True,5.242640687119286,5.242640687119286,6,0.0403999997615756,True,True
0.0,101,bfs,True,9.0,9.0,101,0.27389999968363554,True,True
0.0,101,ucs,True,9.0,9.0,76,0.49350000017511775,True,True
0.0,101,greedy,True,9.0,9.0,10,0.05919999966863543,True,True
0.0,101,astar,True,9.0,9.0,10,0.055500000144093065,True,True
0.0,102,bfs,True,10.82842712474619,10.82842712474619,114,0.3108000000793254,True,True
0.0,102,ucs,True,10.82842712474619,10.82842712474619,112,0.8011999998416286,True,True
0.0,102,greedy,True,10.82842712474619,10.82842712474619,11,0.11159999985466129,True,True
0.0,102,astar,True,10.82842712474619,10.82842712474619,21,0.19620000011855154,True,True
0.0,103,bfs,True,5.0,5.0,51,0.1436000002286164,True,True
0.0,103,ucs,True,5.0,5.0,41,0.28460000021368614,True,True
0.0,103,greedy,True,5.0,5.0,6,0.03569999989849748,True,True
0.0,103,astar,True,5.0,5.0,6,0.03349999997226405,True,True
0.0,104,bfs,True,7.0,7.0,73,0.20119999999224092,True,True
0.0,104,ucs,True,7.0,7.0,57,0.3218000001652399,True,True
0.0,104,greedy,True,7.0,7.0,8,0.04569999964587623,True,True
0.0,104,astar,True,7.0,7.0,8,0.04619999981514411,True,True
0.0,105,bfs,True,5.0,5.0,41,0.11289999974906095,True,True
0.0,105,ucs,True,5.0,5.0,37,0.21470000001500011,True,True
0.0,105,greedy,True,5.0,5.0,6,0.03500000002532033,True,True
0.0,105,astar,True,5.0,5.0,6,0.03310000010969816,True,True
0.0,106,bfs,True,10.0,10.0,111,0.29569999969680794,True,True
0.0,106,ucs,True,10.0,10.0,98,0.5576999997174426,True,True
0.0,106,greedy,True,10.0,10.0,11,0.08230000003095483,True,True
0.0,106,astar,True,10.0,10.0,11,0.08089999982985319,True,True
0.0,107,bfs,True,9.485281374238571,9.485281374238571,88,0.23790000022927416,True,True
0.0,107,ucs,True,9.485281374238571,9.485281374238571,98,0.802199999725417,True,True
0.0,107,greedy,True,9.485281374238571,9.485281374238571,8,0.06769999981770525,True,True
0.0,107,astar,True,9.485281374238571,9.485281374238571,13,0.09750000026542693,True,True
0.0,108,bfs,True,11.65685424949238,11.65685424949238,119,0.3164999998261919,True,True
0.0,108,ucs,True,11.65685424949238,11.65685424949238,119,1.3948999999229272,True,True
0.0,108,greedy,True,11.65685424949238,11.65685424949238,11,0.21459999970829813,True,True
0.0,108,astar,True,11.65685424949238,11.65685424949238,30,0.5720999997720355,True,True
0.0,109,bfs,True,2.0,2.0,12,0.10680000013962854,True,True
0.0,109,ucs,True,2.0,2.0,9,0.16180000011445372,True,True
0.0,109,greedy,True,2.0,2.0,3,0.04579999995257822,True,True
0.0,109,astar,True,2.0,2.0,3,0.04059999992023222,True,True
0.0,110,bfs,True,10.65685424949238,10.65685424949238,107,0.9227000000464614,True,True
0.0,110,ucs,True,10.65685424949238,10.65685424949238,110,1.5364000000772648,True,True
0.0,110,greedy,True,10.65685424949238,10.65685424949238,10,0.15660000008210773,True,True
0.0,110,astar,True,10.65685424949238,10.65685424949238,25,0.4039000000375381,True,True
0.0,111,bfs,True,9.82842712474619,9.82842712474619,104,0.4380999998829793,True,True
0.0,111,ucs,True,9.82842712474619,9.82842712474619,96,0.5476999999700638,True,True
0.0,111,greedy,True,9.82842712474619,9.82842712474619,10,0.06450000000768341,True,True
0.0,111,astar,True,9.82842712474619,9.82842712474619,21,0.1370999998471234,True,True
0.0,112,bfs,True,10.65685424949238,10.65685424949238,95,0.26690000004236936,True,True
0.0,112,ucs,True,10.65685424949238,10.65685424949238,100,1.0102000001097622,True,True
0.0,112,greedy,True,10.65685424949238,10.65685424949238,10,0.22779999972044607,True,True
0.0,112,astar,True,10.65685424949238,10.65685424949238,25,0.4726000001937791,True,True
0.0,113,bfs,True,11.65685424949238,11.65685424949238,116,0.7445999999617925,True,True
0.0,113,ucs,True,11.65685424949238,11.65685424949238,111,0.6095000003369933,True,True
0.0,113,greedy,True,11.65685424949238,11.65685424949238,11,0.08770000022195745,True,True
0.0,113,astar,True,11.65685424949238,11.65685424949238,30,0.19549999979062704,True,True
0.0,114,bfs,True,11.242640687119286,11.242640687119286,117,0.3065999999307678,True,True
0.0,114,ucs,True,11.242640687119286,11.242640687119286,116,0.6312000000434637,True,True
0.0,114,greedy,True,11.242640687119286,11.242640687119286,11,0.08600000001024455,True,True
0.0,114,astar,True,11.242640687119286,11.242640687119286,20,0.14039999996384722,True,True
0.0,115,bfs,True,1.0,1.0,2,0.00580000005356851,True,True
0.0,115,ucs,True,1.0,1.0,2,0.011900000117748277,True,True
0.0,115,greedy,True,1.0,1.0,2,0.010100000054080738,True,True
0.0,115,astar,True,1.0,1.0,2,0.009500000032858225,True,True
0.0,116,bfs,True,8.071067811865476,8.071067811865476,76,0.1984999998967396,True,True
0.0,116,ucs,True,8.071067811865476,8.071067811865476,82,0.4449000002750836,True,True
0.0,116,greedy,True,8.071067811865476,8.071067811865476,7,0.052799999593844404,True,True
0.0,116,astar,True,8.071067811865476,8.071067811865476,12,0.07980000009411015,True,True
0.0,117,bfs,True,3.0,3.0,19,0.05069999997431296,True,True
0.0,117,ucs,True,3.0,3.0,17,0.09799999997994746,True,True
0.0,117,greedy,True,3.0,3.0,4,0.02119999999194988,True,True
0.0,117,astar,True,3.0,3.0,4,0.02100000028804061,True,True
0.0,118,bfs,True,10.071067811865476,10.071067811865476,99,0.2607999999781896,True,True
0.0,118,ucs,True,10.071067811865476,10.071067811865476,105,0.6063999999241787,True,True
0.0,118,greedy,True,10.071067811865476,10.071067811865476,9,0.06959999973332742,True,True
0.0,118,astar,True,10.071067811865476,10.071067811865476,24,0.15700000039942097,True,True
0.0,119,bfs,True,12.071067811865476,12.071067811865476,117,0.3154000000904489,True,True
0.0,119,ucs,True,12.071067811865476,12.071067811865476,114,0.6582999999409367,True,True
0.0,119,greedy,True,12.071067811865476,12.071067811865476,11,0.12429999969754135,True,True
0.0,119,astar,True,12.071067811865476,12.071067811865476,36,0.257799999872077,True,True
0.0,120,bfs,True,11.242640687119286,11.242640687119286,117,0.3125000002910383,True,True
0.0,120,ucs,True,11.242640687119286,11.242640687119286,115,0.627500000064174,True,True
0.0,120,greedy,True,11.242640687119286,11.242640687119286,11,0.07199999981821747,True,True
0.0,120,astar,True,11.242640687119286,11.242640687119286,20,0.1260999997612089,True,True
0.0,121,bfs,True,8.82842712474619,8.82842712474619,92,0.28250000013940735,True,True
0.0,121,ucs,True,8.82842712474619,8.82842712474619,82,0.4712999998446321,True,True
0.0,121,greedy,True,8.82842712474619,8.82842712474619,9,0.054800000270915916,True,True
0.0,121,astar,True,8.82842712474619,8.82842712474619,21,0.12100000003556488,True,True
0.0,122,bfs,True,11.485281374238571,11.485281374238571,110,0.29140000015104306,True,True
0.0,122,ucs,True,11.485281374238571,11.485281374238571,117,0.6349000000227534,True,True
0.0,122,greedy,True,11.485281374238571,11.485281374238571,10,0.07690000029469957,True,True
0.0,122,astar,True,11.485281374238571,11.485281374238571,27,0.18330000011701486,True,True
0.0,123,bfs,True,3.0,3.0,16,0.04340000032243552,True,True
0.0,123,ucs,True,3.0,3.0,16,0.09510000018053688,True,True
0.0,123,greedy,True,3.0,3.0,4,0.021400000150606502,True,True
0.0,123,astar,True,3.0,3.0,4,0.02119999999194988,True,True
0.0,124,bfs,True,4.414213562373095,4.414213562373095,27,0.07310000000870787,True,True
0.0,124,ucs,True,4.414213562373095,4.414213562373095,25,0.1519000002190296,True,True
0.0,124,greedy,True,4.414213562373095,4.414213562373095,5,0.02840000024662004,True,True
0.0,124,astar,True,4.414213562373095,4.414213562373095,8,0.04459999991013319,True,True
0.0,125,bfs,True,7.656854249492381,7.656854249492381,65,0.1677999998719315,True,True
0.0,125,ucs,True,7.656854249492381,7.656854249492381,75,0.41689999989102944,True,True
0.0,125,greedy,True,7.656854249492381,7.656854249492381,7,0.05690000034519471,True,True
0.0,125,astar,True,7.656854249492381,7.656854249492381,12,0.08340000022144523,True,True
0.0,126,bfs,True,10.82842712474619,10.82842712474619,114,0.30359999982465524,True,True
0.0,126,ucs,True,10.82842712474619,10.82842712474619,110,0.6317999996099388,True,True
0.0,126,greedy,True,10.82842712474619,10.82842712474619,11,0.08770000022195745,True,True
0.0,126,astar,True,10.82842712474619,10.82842712474619,21,0.16439999990325305,True,True
0.0,127,bfs,True,12.485281374238571,12.485281374238571,121,0.31979999994291575,True,True
0.0,127,ucs,True,12.485281374238571,12.485281374238571,121,0.6665999999313499,True,True
0.0,127,greedy,True,12.485281374238571,12.485281374238571,11,0.08930000012696837,True,True
0.0,127,astar,True,12.485281374238571,12.485281374238571,34,0.28759999986505136,True,True
0.0,128,bfs,True,13.313708498984761,13.313708498984761,120,0.3157999999530148,True,True
0.0,128,ucs,True,13.313708498984761,13.313708498984761,120,0.7612000003973662,True,True
0.0,128,greedy,True,13.313708498984761,13.313708498984761,11,0.10160000010728254,True,True
0.0,128,astar,True,13.313708498984761,13.313708498984761,26,0.20689999973910744,True,True
0.0,129,bfs,True,11.65685424949238,11.65685424949238,116,0.3123999999843363,True,True
0.0,129,ucs,True,11.65685424949238,11.65685424949238,111,0.6281000000853965,True,True
0.0,129,greedy,True,11.65685424949238,11.65685424949238,11,0.08860000025379122,True,True
0.0,129,astar,True,11.65685424949238,11.65685424949238,30,0.21120000019436702,True,True
0.0,130,bfs,True,10.414213562373096,10.414213562373096,112,0.30860000015309197,True,True
0.0,130,ucs,True,10.414213562373096,10.414213562373096,96,0.5387000001064735,True,True
0.0,130,greedy,True,10.414213562373096,10.414213562373096,11,0.08310000021083397,True,True
0.0,130,astar,True,10.414213562373096,10.414213562373096,20,0.20989999984522,True,True
0.0,131,bfs,True,10.242640687119286,10.242640687119286,94,0.5151999998815882,True,True
0.0,131,ucs,True,10.242640687119286,10.242640687119286,94,0.9293999996771163,True,True
0.0,131,greedy,True,10.242640687119286,10.242640687119286,10,0.08490000027450151,True,True
0.0,131,astar,True,10.242640687119286,10.242640687119286,17,0.12169999990874203,True,True
0.0,132,bfs,True,5.242640687119286,5.242640687119286,39,0.10530000008657225,True,True
0.0,132,ucs,True,5.242640687119286,5.242640687119286,41,0.2546000000620552,True,True
0.0,132,greedy,True,5.242640687119286,5.242640687119286,5,0.0411000000895001,True,True
0.0,132,astar,True,5.242640687119286,5.242640687119286,6,0.052599999889935134,True,True
0.0,133,bfs,True,11.65685424949238,11.65685424949238,105,0.7181999999374966,True,True
0.0,133,ucs,True,11.65685424949238,11.65685424949238,104,1.616099999864673,True,True
0.0,133,greedy,True,11.65685424949238,11.65685424949238,11,0.2982000000884,True,True
0.0,133,astar,True,11.65685424949238,11.65685424949238,30,0.5062000000179978,True,True
0.0,134,bfs,True,14.142135623730951,14.142135623730951,121,0.9442999999009771,True,True
0.0,134,ucs,True,14.142135623730951,14.142135623730951,121,2.010499999869353,True,True
0.0,134,greedy,True,14.142135623730951,14.142135623730951,11,0.18940000018119463,True,True
0.0,134,astar,True,14.142135623730951,14.142135623730951,11,0.17900000011650263,True,True
0.0,135,bfs,True,8.071067811865476,8.071067811865476,76,0.2627999997457664,True,True
0.0,135,ucs,True,8.071067811865476,8.071067811865476,82,0.4596000003402878,True,True
0.0,135,greedy,True,8.071067811865476,8.071067811865476,7,0.058799999806069536,True,True
0.0,135,astar,True,8.071067811865476,8.071067811865476,12,0.08489999981975416,True,True
0.0,136,bfs,True,5.0,5.0,46,0.13290000015331316,True,True
0.0,136,ucs,True,5.0,5.0,40,0.2430999998068728,True,True
0.0,136,greedy,True,5.0,5.0,6,0.03319999996165279,True,True
0.0,136,astar,True,5.0,5.0,6,0.03229999992981902,True,True
0.0,137,bfs,True,10.414213562373096,10.414213562373096,113,0.29760000006717746,True,True
0.0,137,ucs,True,10.414213562373096,10.414213562373096,97,0.5482000001393317,True,True
0.0,137,greedy,True,10.414213562373096,10.414213562373096,11,0.06030000031387317,True,True
0.0,137,astar,True,10.414213562373096,10.414213562373096,20,0.10969999993903912,True,True
0.0,138,bfs,True,5.0,5.0,55,0.15260000009220676,True,True
0.0,138,ucs,True,5.0,5.0,41,0.24920000032579992,True,True
0.0,138,greedy,True,5.0,5.0,6,0.03319999996165279,True,True
0.0,138,astar,True,5.0,5.0,6,0.03169999990859651,True,True
0.0,139,bfs,True,11.485281374238571,11.485281374238571,110,0.287800000023708,True,True
0.0,139,ucs,True,11.485281374238571,11.485281374238571,117,0.6936000004316156,True,True
0.0,139,greedy,True,11.485281374238571,11.485281374238571,10,0.07610000011482043,True,True
0.0,139,astar,True,11.485281374238571,11.485281374238571,27,0.18989999989571515,True,True
0.0,140,bfs,True,9.414213562373096,9.414213562373096,92,0.27189999991605873,True,True
0.0,140,ucs,True,9.414213562373096,9.414213562373096,81,0.45689999979003915,True,True
0.0,140,greedy,True,9.414213562373096,9.414213562373096,10,0.0735999997232284,True,True
0.0,140,astar,True,9.414213562373096,9.414213562373096,18,0.1277999999729218,True,True
0.0,141,bfs,True,4.0,4.0,36,0.09459999955652165,True,True
0.0,141,ucs,True,4.0,4.0,28,0.15759999996589613,True,True
0.0,141,greedy,True,4.0,4.0,5,0.027300000056129647,True,True
0.0,141,astar,True,4.0,4.0,5,0.02610000001368462,True,True
0.0,142,bfs,True,5.0,5.0,46,0.36289999979999266,True,True
0.0,142,ucs,True,5.0,5.0,40,0.47270000004573376,True,True
0.0,142,greedy,True,5.0,5.0,6,0.0669999999445281,True,True
0.0,142,astar,True,5.0,5.0,6,0.06689999963782611,True,True
0.0,143,bfs,True,10.071067811865476,10.071067811865476,96,0.65569999969739,True,True
0.0,143,ucs,True,10.071067811865476,10.071067811865476,100,0.7216000003609224,True,True
0.0,143,greedy,True,10.071067811865476,10.071067811865476,9,0.17839999964053277,True,True
0.0,143,astar,True,10.071067811865476,10.071067811865476,24,0.16140000025188783,True,True
0.0,144,bfs,True,10.0,10.0,111,0.36789999967368203,True,True
0.0,144,ucs,True,10.0,10.0,91,0.9798000000955653,True,True
0.0,144,greedy,True,10.0,10.0,11,0.23499999997511622,True,True
0.0,144,astar,True,10.0,10.0,11,0.2424999997856503,True,True
0.0,145,bfs,True,6.82842712474619,6.82842712474619,73,0.6002999998599989,True,True
0.0,145,ucs,True,6.82842712474619,6.82842712474619,67,1.1264999998275016,True,True
0.0,145,greedy,True,6.82842712474619,6.82842712474619,7,0.16180000011445372,True,True
0.0,145,astar,True,6.82842712474619,6.82842712474619,15,0.28210000027684146,True,True
0.0,146,bfs,True,9.65685424949238,9.65685424949238,85,0.2857999998013838,True,True
0.0,146,ucs,True,9.65685424949238,9.65685424949238,93,0.5542999997487641,True,True
0.0,146,greedy,True,9.65685424949238,9.65685424949238,9,0.08380000008401112,True,True
0.0,146,astar,True,9.65685424949238,9.65685424949238,21,0.1314999999522115,True,True
0.0,147,bfs,True,10.242640687119286,10.242640687119286,105,0.28710000015053083,True,True
0.0,147,ucs,True,10.242640687119286,10.242640687119286,104,1.4519000001200766,True,True
0.0,147,greedy,True,10.242640687119286,10.242640687119286,10,0.1281999998354877,True,True
0.0,147,astar,True,10.242640687119286,10.242640687119286,17,0.22020000005795737,True,True
0.0,148,bfs,True,10.414213562373096,10.414213562373096,113,0.3009000001839013,True,True
0.0,148,ucs,True,10.414213562373096,10.414213562373096,103,0.5790000000160944,True,True
0.0,148,greedy,True,10.414213562373096,10.414213562373096,11,0.08380000008401112,True,True
0.0,148,astar,True,10.414213562373096,10.414213562373096,20,0.13519999993150122,True,True
0.0,149,bfs,True,12.485281374238571,12.485281374238571,121,0.32549999968978227,True,True
0.0,149,ucs,True,12.485281374238571,12.485281374238571,121,0.7938999997350038,True,True
0.0,149,greedy,True,12.485281374238571,12.485281374238571,11,0.09479999971517827,True,True
0.0,149,astar,True,12.485281374238571,12.485281374238571,34,0.2556999997977982,True,True
0.0,150,bfs,True,4.242640687119286,4.242640687119286,27,0.08330000036949059,True,True
0.0,150,ucs,True,4.242640687119286,4.242640687119286,29,0.283800000033807,True,True
0.0,150,greedy,True,4.242640687119286,4.242640687119286,4,0.030900000183464726,True,True
0.0,150,astar,True,4.242640687119286,4.242640687119286,4,0.05450000026030466,True,True
0.0,151,bfs,True,12.071067811865476,12.071067811865476,116,0.3044000000045344,True,True
0.0,151,ucs,True,12.071067811865476,12.071067811865476,109,0.6034999996700208,True,True
0.0,151,greedy,True,12.071067811865476,12.071067811865476,11,0.08790000038061407,True,True
0.0,151,astar,True,12.071067811865476,12.071067811865476,36,0.23220000002766028,True,True
0.0,152,bfs,True,10.82842712474619,10.82842712474619,103,0.2743000000009488,True,True
0.0,152,ucs,True,10.82842712474619,10.82842712474619,93,0.5169000000933011,True,True
0.0,152,greedy,True,10.82842712474619,10.82842712474619,11,0.08079999997789855,True,True
0.0,152,astar,True,10.82842712474619,10.82842712474619,21,0.12050000032104435,True,True
0.0,153,bfs,True,2.0,2.0,10,0.026700000034907134,True,True
0.0,153,ucs,True,2.0,2.0,8,0.056999999742402,True,True
0.0,153,greedy,True,2.0,2.0,3,0.01539999993838137,True,True
0.0,153,astar,True,2.0,2.0,3,0.014599999758502236,True,True
0.0,154,bfs,True,9.071067811865476,9.071067811865476,76,0.2027000000452972,True,True
0.0,154,ucs,True,9.071067811865476,9.071067811865476,90,0.49500000022817403,True,True
0.0,154,greedy,True,9.071067811865476,9.071067811865476,8,0.06700000039927545,True,True
0.0,154,astar,True,9.071067811865476,9.071067811865476,18,0.12169999990874203,True,True
0.0,155,bfs,True,9.071067811865476,9.071067811865476,76,0.20220000033077667,True,True
0.0,155,ucs,True,9.071067811865476,9.071067811865476,90,0.4945999999108608,True,True
0.0,155,greedy,True,9.071067811865476,9.071067811865476,8,0.06620000021939632,True,True
0.0,155,astar,True,9.071067811865476,9.071067811865476,18,0.11730000005627517,True,True
0.0,156,bfs,True,3.8284271247461903,3.8284271247461903,18,0.04759999956149841,True,True
0.0,156,ucs,True,3.8284271247461903,3.8284271247461903,23,0.13489999992088997,True,True
0.0,156,greedy,True,3.8284271247461903,3.8284271247461903,4,0.02859999995052931,True,True
0.0,156,astar,True,3.8284271247461903,3.8284271247461903,4,0.026599999728205148,True,True
0.0,157,bfs,True,7.242640687119286,7.242640687119286,60,0.15570000005027396,True,True
0.0,157,ucs,True,7.242640687119286,7.242640687119286,65,0.3492000000733242,True,True
0.0,157,greedy,True,7.242640687119286,7.242640687119286,7,0.04529999978331034,True,True
0.0,157,astar,True,7.242640687119286,7.242640687119286,9,0.057700000070326496,True,True
0.0,158,bfs,True,4.0,4.0,36,0.09959999988495838,True,True
0.0,158,ucs,True,4.0,4.0,28,0.16539999978704145,True,True
0.0,158,greedy,True,4.0,4.0,5,0.027099999897473026,True,True
0.0,158,astar,True,4.0,4.0,5,0.025600000299164094,True,True
0.0,159,bfs,True,5.0,5.0,37,0.09539999973640079,True,True
0.0,159,ucs,True,5.0,5.0,29,0.15559999974357197,True,True
0.0,159,greedy,True,5.0,5.0,6,0.030900000183464726,True,True
0.0,159,astar,True,5.0,5.0,6,0.030299999707494862,True,True
0.0,160,bfs,True,7.0,7.0,81,0.21379999998316634,True,True
0.0,160,ucs,True,7.0,7.0,63,0.3486999999040563,True,True
0.0,160,greedy,True,7.0,7.0,8,0.04290000015316764,True,True
0.0,160,astar,True,7.0,7.0,8,0.04150000040681334,True,True
0.0,161,bfs,True,7.656854249492381,7.656854249492381,68,0.17800000023271423,True,True
0.0,161,ucs,True,7.656854249492381,7.656854249492381,75,0.40320000016436097,True,True
0.0,161,greedy,True,7.656854249492381,7.656854249492381,7,0.048800000058690784,True,True
0.0,161,astar,True,7.656854249492381,7.656854249492381,12,0.07989999994606478,True,True
0.0,162,bfs,True,12.899494936611665,12.899494936611665,120,0.31089999993128004,True,True
0.0,162,ucs,True,12.899494936611665,12.899494936611665,120,0.68409999994401,True,True
0.0,162,greedy,True,12.899494936611665,12.899494936611665,11,0.105000000075961,True,True
0.0,162,astar,True,12.899494936611665,12.899494936611665,30,0.21050000032118987,True,True
0.0,163,bfs,True,1.0,1.0,2,0.005999999757477781,True,True
0.0,163,ucs,True,1.0,1.0,2,0.0113999999484804,True,True
0.0,163,greedy,True,1.0,1.0,2,0.010000000202126103,True,True
0.0,163,astar,True,1.0,1.0,2,0.00959999988481286,True,True
0.0,164,bfs,True,12.485281374238571,12.485281374238571,120,0.3157999999530148,True,True
0.0,164,ucs,True,12.485281374238571,12.485281374238571,120,0.6426999998438987,True,True
0.0,164,greedy,True,12.485281374238571,12.485281374238571,11,0.09359999967273325,True,True
0.0,164,astar,True,12.485281374238571,12.485281374238571,34,0.3388000000086322,True,True
0.0,165,bfs,True,5.242640687119286,5.242640687119286,35,0.0932000002649147,True,True
0.0,165,ucs,True,5.242640687119286,5.242640687119286,40,0.23090000013326062,True,True
0.0,165,greedy,True,5.242640687119286,5.242640687119286,5,0.0359000000571541,True,True
0.0,165,astar,True,5.242640687119286,5.242640687119286,6,0.042300000131945126,True,True
0.0,166,bfs,True,5.0,5.0,36,0.09669999963080045,True,True
0.0,166,ucs,True,5.0,5.0,33,0.18290000025444897,True,True
0.0,166,greedy,True,5.0,5.0,6,0.033599999824218685,True,True
0.0,166,astar,True,5.0,5.0,6,0.03240000023652101,True,True
0.0,167,bfs,True,10.82842712474619,10.82842712474619,114,0.29899999981353176,True,True
0.0,167,ucs,True,10.82842712474619,10.82842712474619,110,0.6279999997786945,True,True
0.0,167,greedy,True,10.82842712474619,10.82842712474619,11,0.0976999999693362,True,True
0.0,167,astar,True,10.82842712474619,10.82842712474619,21,0.1490999998168263,True,True
0.0,168,bfs,True,6.242640687119286,6.242640687119286,51,0.15300000040952,True,True
0.0,168,ucs,True,6.242640687119286,6.242640687119286,52,0.29350000022532186,True,True
0.0,168,greedy,True,6.242640687119286,6.242640687119286,6,0.04129999979340937,True,True
0.0,168,astar,True,6.242640687119286,6.242640687119286,8,0.05470000041896128,True,True
0.0,169,bfs,True,7.0,7.0,57,0.15399999983856105,True,True
0.0,169,ucs,True,7.0,7.0,43,0.2764999999271822,True,True
0.0,169,greedy,True,7.0,7.0,8,0.04269999999451102,True,True
0.0,169,astar,True,7.0,7.0,8,0.04079999962414149,True,True
0.0,170,bfs,True,12.485281374238571,12.485281374238571,120,0.3606999998737592,True,True
0.0,170,ucs,True,12.485281374238571,12.485281374238571,120,0.8235999998760235,True,True
0.0,170,greedy,True,12.485281374238571,12.485281374238571,11,0.0959999997576233,True,True
0.0,170,astar,True,12.485281374238571,12.485281374238571,34,0.23409999994328246,True,True
0.0,171,bfs,True,3.414213562373095,3.414213562373095,14,0.03879999985656468,True,True
0.0,171,ucs,True,3.414213562373095,3.414213562373095,15,0.23319999991144869,True,True
0.0,171,greedy,True,3.414213562373095,3.414213562373095,4,0.05909999981668079,True,True
0.0,171,astar,True,3.414213562373095,3.414213562373095,6,0.09379999983138987,True,True
0.0,172,bfs,True,8.0,8.0,65,0.5748000003222842,True,True
0.0,172,ucs,True,8.0,8.0,53,0.8572000001549895,True,True
0.0,172,greedy,True,8.0,8.0,9,0.13319999970917706,True,True
0.0,172,astar,True,8.0,8.0,9,0.1336000000264903,True,True
0.0,173,bfs,True,5.242640687119286,5.242640687119286,43,0.37849999989703065,True,True
0.0,173,ucs,True,5.242640687119286,5.242640687119286,45,0.6123999996816565,True,True
0.0,173,greedy,True,5.242640687119286,5.242640687119286,5,0.07289999985005124,True,True
0.0,173,astar,True,5.242640687119286,5.242640687119286,6,0.06759999996575061,True,True
0.0,174,bfs,True,5.82842712474619,5.82842712474619,44,0.11940000013055396,True,True
0.0,174,ucs,True,5.82842712474619,5.82842712474619,42,0.3397999998924206,True,True
0.0,174,greedy,True,5.82842712474619,5.82842712474619,6,0.03779999997277628,True,True
0.0,174,astar,True,5.82842712474619,5.82842712474619,12,0.07010000035734265,True,True
0.0,175,bfs,True,12.485281374238571,12.485281374238571,120,0.3181000001859502,True,True
0.0,175,ucs,True,12.485281374238571,12.485281374238571,120,0.829399999929592,True,True
0.0,175,greedy,True,12.485281374238571,12.485281374238571,11,0.0967000000855478,True,True
0.0,175,astar,True,12.485281374238571,12.485281374238571,34,0.3571000002011715,True,True
0.0,176,bfs,True,6.414213562373095,6.414213562373095,72,0.6378000002769113,True,True
0.0,176,ucs,True,6.414213562373095,6.414213562373095,61,0.9989000000132364,True,True
0.0,176,greedy,True,6.414213562373095,6.414213562373095,7,0.14020000025993795,True,True
0.0,176,astar,True,6.414213562373095,6.414213562373095,12,0.18989999989571515,True,True
0.0,177,bfs,True,10.0,10.0,111,0.9777999998732412,True,True
0.0,177,ucs,True,10.0,10.0,102,1.5899999998509884,True,True
0.0,177,greedy,True,10.0,10.0,11,0.1864999999270367,True,True
0.0,177,astar,True,10.0,10.0,11,0.1739999997880659,True,True
0.0,178,bfs,True,12.899494936611665,12.899494936611665,121,0.7924999999886495,True,True
0.0,178,ucs,True,12.899494936611665,12.899494936611665,121,0.7236999999804539,True,True
0.0,178,greedy,True,12.899494936611665,12.899494936611665,11,0.10149999980058055,True,True
0.0,178,astar,True,12.899494936611665,12.899494936611665,30,0.21019999985583127,True,True
0.0,179,bfs,True,8.65685424949238,8.65685424949238,86,0.2316999998583924,True,True
0.0,179,ucs,True,8.65685424949238,8.65685424949238,89,0.6057000000510016,True,True
0.0,179,greedy,True,8.65685424949238,8.65685424949238,8,0.06710000025123009,True,True
0.0,179,astar,True,8.65685424949238,8.65685424949238,16,0.17359999992550001,True,True
0.0,180,bfs,True,11.485281374238571,11.485281374238571,110,0.3378000001248438,True,True
0.0,180,ucs,True,11.485281374238571,11.485281374238571,117,0.7143999996515049,True,True
0.0,180,greedy,True,11.485281374238571,11.485281374238571,10,0.07660000028408831,True,True
0.0,180,astar,True,11.485281374238571,11.485281374238571,27,0.19350000002305023,True,True
0.0,181,bfs,True,10.414213562373096,10.414213562373096,112,0.4893999998785148,True,True
0.0,181,ucs,True,10.414213562373096,10.414213562373096,96,1.018999999814696,True,True
0.0,181,greedy,True,10.414213562373096,10.414213562373096,11,0.08600000001024455,True,True
0.0,181,astar,True,10.414213562373096,10.414213562373096,20,0.13319999970917706,True,True
0.0,182,bfs,True,3.0,3.0,16,0.04450000005817856,True,True
0.0,182,ucs,True,3.0,3.0,16,0.09210000007442432,True,True
0.0,182,greedy,True,3.0,3.0,4,0.021400000150606502,True,True
0.0,182,astar,True,3.0,3.0,4,0.020700000277429353,True,True
0.0,183,bfs,True,10.485281374238571,10.485281374238571,97,0.4760000001624576,True,True
0.0,183,ucs,True,10.485281374238571,10.485281374238571,105,0.5767000002379064,True,True
0.0,183,greedy,True,10.485281374238571,10.485281374238571,9,0.0770000001466542,True,True
0.0,183,astar,True,10.485281374238571,10.485281374238571,20,0.17079999997804407,True,True
0.0,184,bfs,True,7.0,7.0,71,0.19280000014987309,True,True
0.0,184,ucs,True,7.0,7.0,62,0.3442000001996348,True,True
0.0,184,greedy,True,7.0,7.0,8,0.044999999772699084,True,True
0.0,184,astar,True,7.0,7.0,8,0.04379999973025406,True,True
0.0,185,bfs,True,6.414213562373095,6.414213562373095,62,0.17380000008415664,True,True
0.0,185,ucs,True,6.414213562373095,6.414213562373095,59,0.3283999999439402,True,True
0.0,185,greedy,True,6.414213562373095,6.414213562373095,7,0.05129999999553547,True,True
0.0,185,astar,True,6.414213562373095,6.414213562373095,12,0.06809999968027114,True,True
0.0,186,bfs,True,3.8284271247461903,3.8284271247461903,26,0.07099999993442907,True,True
0.0,186,ucs,True,3.8284271247461903,3.8284271247461903,26,0.1474999999118154,True,True
0.0,186,greedy,True,3.8284271247461903,3.8284271247461903,4,0.02880000010918593,True,True
0.0,186,astar,True,3.8284271247461903,3.8284271247461903,4,0.02679999988686177,True,True
0.0,187,bfs,True,2.0,2.0,9,0.023099999907572055,True,True
0.0,187,ucs,True,2.0,2.0,8,0.044099999740865314,True,True
0.0,187,greedy,True,2.0,2.0,3,0.015699999948992627,True,True
0.0,187,astar,True,2.0,2.0,3,0.014999999621068127,True,True
0.0,188,bfs,True,3.414213562373095,3.414213562373095,18,0.04649999982575537,True,True
0.0,188,ucs,True,3.414213562373095,3.414213562373095,17,0.09159999990515644,True,True
0.0,188,greedy,True,3.414213562373095,3.414213562373095,4,0.020799999674636638,True,True
0.0,188,astar,True,3.414213562373095,3.414213562373095,6,0.0328000000990869,True,True
0.0,189,bfs,True,5.0,5.0,31,0.07950000008349889,True,True
0.0,189,ucs,True,5.0,5.0,28,0.15040000016597332,True,True
0.0,189,greedy,True,5.0,5.0,6,0.032899999951041536,True,True
0.0,189,astar,True,5.0,5.0,6,0.05819999978484702,True,True
0.0,190,bfs,True,10.899494936611665,10.899494936611665,88,0.23319999991144869,True,True
0.0,190,ucs,True,10.899494936611665,10.899494936611665,109,0.6026000000929344,True,True
0.0,190,greedy,True,10.899494936611665,10.899494936611665,9,0.07869999990361976,True,True
0.0,190,astar,True,10.899494936611665,10.899494936611665,16,0.11799999992945231,True,True
0.0,191,bfs,True,13.727922061357857,13.727922061357857,121,0.33690000009301,True,True
0.0,191,ucs,True,13.727922061357857,13.727922061357857,121,1.0868999997910578,True,True
0.0,191,greedy,True,13.727922061357857,13.727922061357857,11,0.2589000000625674,True,True
0.0,191,astar,True,13.727922061357857,13.727922061357857,19,0.43900000036956044,True,True
0.0,192,bfs,True,11.242640687119286,11.242640687119286,117,1.0503000003154739,True,True
0.0,192,ucs,True,11.242640687119286,11.242640687119286,116,1.97550000029878,True,True
0.0,192,greedy,True,11.242640687119286,11.242640687119286,11,0.25190000042130123,True,True
0.0,192,astar,True,11.242640687119286,11.242640687119286,20,0.4268999996384082,True,True
0.0,193,bfs,True,10.82842712474619,10.82842712474619,114,1.0206000001744542,True,True
0.0,193,ucs,True,10.82842712474619,10.82842712474619,107,1.8849999996746192,True,True
0.0,193,greedy,True,10.82842712474619,10.82842712474619,11,0.24840000014592079,True,True
0.0,193,astar,True,10.82842712474619,10.82842712474619,21,0.4435999999259366,True,True
0.0,194,bfs,True,12.071067811865476,12.071067811865476,117,1.0717999998632877,True,True
0.0,194,ucs,True,12.071067811865476,12.071067811865476,114,1.7527999998492305,True,True
0.0,194,greedy,True,12.071067811865476,12.071067811865476,11,0.09890000001178123,True,True
0.0,194,astar,True,12.071067811865476,12.071067811865476,36,0.25740000000951113,True,True
0.0,195,bfs,True,4.0,4.0,40,0.1133000000663742,True,True
0.0,195,ucs,True,4.0,4.0,29,0.17220000017914572,True,True
0.0,195,greedy,True,4.0,4.0,5,0.03779999997277628,True,True
0.0,195,astar,True,4.0,4.0,5,0.026900000193563756,True,True
0.0,196,bfs,True,11.242640687119286,11.242640687119286,117,0.3065000000788132,True,True
0.0,196,ucs,True,11.242640687119286,11.242640687119286,115,0.6149999999252032,True,True
0.0,196,greedy,True,11.242640687119286,11.242640687119286,11,0.08829999978843261,True,True
0.0,196,astar,True,11.242640687119286,11.242640687119286,20,0.13970000009067007,True,True
0.0,197,bfs,True,2.0,2.0,7,0.018899999759014463,True,True
0.0,197,ucs,True,2.0,2.0,7,0.04179999996267725,True,True
0.0,197,greedy,True,2.0,2.0,3,0.01559999964229064,True,True
0.0,197,astar,True,2.0,2.0,3,0.015099999927770114,True,True
0.0,198,bfs,True,2.0,2.0,10,0.025499999992462108,True,True
0.0,198,ucs,True,2.0,2.0,8,0.04350000017439015,True,True
0.0,198,greedy,True,2.0,2.0,3,0.014700000065204222,True,True
0.0,198,astar,True,2.0,2.0,3,0.033599999824218685,True,True
0.0,199,bfs,True,11.071067811865476,11.071067811865476,96,0.25359999972351943,True,True
0.0,199,ucs,True,11.071067811865476,11.071067811865476,105,0.5666999995810329,True,True
0.0,199,greedy,True,11.071067811865476,11.071067811865476,10,0.08019999995667604,True,True
0.0,199,astar,True,11.071067811865476,11.071067811865476,30,0.18819999968400225,True,True
0.1,0,bfs,True,10.82842712474619,10.82842712474619,99,0.2615999997033214,True,True
0.1,0,ucs,True,10.82842712474619,10.82842712474619,97,0.4988000000594184,True,True
0.1,0,greedy,True,11.65685424949238,10.82842712474619,11,0.08189999971364159,False,True
0.1,0,astar,True,10.82842712474619,10.82842712474619,19,0.12190000006739865,True,True
0.1,1,bfs,True,7.656854249492381,7.656854249492381,55,0.1495999999860942,True,True
0.1,1,ucs,True,7.656854249492381,7.656854249492381,63,0.335700000050565,True,True
0.1,1,greedy,True,8.485281374238571,7.656854249492381,7,0.05529999998543644,False,True
0.1,1,astar,True,7.656854249492381,7.656854249492381,10,0.06650000023000757,True,True
0.1,2,bfs,True,10.071067811865476,10.071067811865476,86,0.23630000032426324,True,True
0.1,2,ucs,True,10.071067811865476,10.071067811865476,92,0.48199999991993536,True,True
0.1,2,greedy,True,10.899494936611665,10.071067811865476,9,0.06900000016685226,False,True
0.1,2,astar,True,10.071067811865476,10.071067811865476,19,0.12050000032104435,True,True
0.1,3,bfs,True,3.0,3.0,8,0.020699999822682003,True,True
0.1,3,ucs,True,3.0,3.0,8,0.04020000005766633,True,True
0.1,3,greedy,True,3.0,3.0,4,0.018700000055105193,True,True
0.1,3,astar,True,3.0,3.0,4,0.017999999727180693,True,True
0.1,4,bfs,True,3.0,3.0,12,0.030100000003585592,True,True
0.1,4,ucs,True,3.0,3.0,12,0.06310000026132911,True,True
0.1,4,greedy,True,3.0,3.0,4,0.01919999976962572,True,True
0.1,4,astar,True,3.0,3.0,4,0.01849999989644857,True,True
0.1,5,bfs,True,13.313708498984761,13.313708498984761,107,0.2793000003293855,True,True
0.1,5,ucs,True,13.313708498984761,13.313708498984761,107,0.5460000002130982,True,True
0.1,5,greedy,True,13.313708498984761,13.313708498984761,11,0.09589999990566866,True,True
0.1,5,astar,True,13.313708498984761,13.313708498984761,24,0.16770000001997687,True,True
0.1,6,bfs,True,10.414213562373096,10.414213562373096,93,0.24450000000797445,True,True
0.1,6,ucs,True,10.414213562373096,10.414213562373096,83,0.41909999981726287,True,True
0.1,6,greedy,True,11.242640687119286,10.414213562373096,11,0.07300000015675323,False,True
0.1,6,astar,True,10.414213562373096,10.414213562373096,19,0.11379999978089472,True,True
0.1,7,bfs,True,12.485281374238571,12.485281374238571,107,0.2806000002237852,True,True
0.1,7,ucs,True,12.485281374238571,12.485281374238571,104,0.5573999997068313,True,True
0.1,7,greedy,True,12.485281374238571,12.485281374238571,11,0.08729999990464421,True,True
0.1,7,astar,True,12.485281374238571,12.485281374238571,32,0.19810000003417372,True,True
0.1,8,bfs,True,7.656854249492381,7.656854249492381,60,0.15419999999721767,True,True
0.1,8,ucs,True,7.656854249492381,7.656854249492381,72,0.3842000000986445,True,True
0.1,8,greedy,True,7.656854249492381,7.656854249492381,7,0.04910000006930204,True,True
0.1,8,astar,True,7.656854249492381,7.656854249492381,11,0.06959999973332742,True,True
0.1,9,bfs,True,10.65685424949238,10.65685424949238,79,0.20730000005642069,True,True
0.1,9,ucs,True,10.65685424949238,10.65685424949238,83,0.4353000003902707,True,True
0.1,9,greedy,True,11.485281374238571,10.65685424949238,10,0.07240000013553072,False,True
0.1,9,astar,True,10.65685424949238,10.65685424949238,22,0.12849999984609894,True,True
0.1,10,bfs,True,11.071067811865476,11.071067811865476,78,0.2044999996542174,True,True
0.1,10,ucs,True,11.071067811865476,11.071067811865476,87,0.5130999998073094,True,True
0.1,10,greedy,True,11.071067811865476,11.071067811865476,10,0.16659999982948648,True,True
0.1,10,astar,True,11.071067811865476,11.071067811865476,25,0.5312999996931467,True,True
0.1,11,bfs,True,3.0,3.0,16,0.1637000000300759,True,True
0.1,11,ucs,True,3.0,3.0,13,0.07709999999860884,True,True
0.1,11,greedy,True,3.0,3.0,4,0.019300000076327706,True,True
0.1,11,astar,True,3.0,3.0,4,0.017800000023271423,True,True
0.1,12,bfs,True,11.071067811865476,11.071067811865476,100,0.2805999997690378,True,True
0.1,12,ucs,True,11.071067811865476,11.071067811865476,105,0.5689999998139683,True,True
0.1,12,greedy,True,11.071067811865476,11.071067811865476,10,0.06889999986015027,True,True
0.1,12,astar,True,11.071067811865476,11.071067811865476,28,0.1716000001579232,True,True
0.1,13,bfs,True,6.0,6.0,44,0.11799999992945231,True,True
0.1,13,ucs,True,6.0,6.0,35,0.18679999993764795,True,True
0.1,13,greedy,True,6.0,6.0,7,0.038300000142044155,True,True
0.1,13,astar,True,6.0,6.0,7,0.03709999964485178,True,True
0.1,14,bfs,True,12.899494936611665,12.899494936611665,106,0.28400000019246363,True,True
0.1,14,ucs,True,12.899494936611665,12.899494936611665,106,0.5446999998639512,True,True
0.1,14,greedy,True,12.899494936611665,12.899494936611665,11,0.09439999985261238,True,True
0.1,14,astar,True,12.899494936611665,12.899494936611665,29,0.1959000001079403,True,True
0.1,15,bfs,True,5.82842712474619,5.82842712474619,57,0.15880000000834116,True,True
0.1,15,ucs,True,5.82842712474619,5.82842712474619,49,0.2762999997685256,True,True
0.1,15,greedy,True,5.82842712474619,5.82842712474619,6,0.043399999867688166,True,True
0.1,15,astar,True,5.82842712474619,5.82842712474619,11,0.06480000001829467,True,True
0.1,16,bfs,True,6.0,6.0,47,0.12340000012045493,True,True
0.1,16,ucs,True,6.0,6.0,42,0.22429999989981297,True,True
0.1,16,greedy,True,6.0,6.0,7,0.03930000002583256,True,True
0.1,16,astar,True,6.0,6.0,7,0.04360000002634479,True,True
0.1,17,bfs,True,7.0,7.0,66,0.1772000000528351,True,True
0.1,17,ucs,True,7.0,7.0,58,0.31420000004800386,True,True
0.1,17,greedy,True,7.0,7.0,8,0.04489999992074445,True,True
0.1,17,astar,True,7.0,7.0,8,0.04360000002634479,True,True
0.1,18,bfs,True,10.414213562373096,10.414213562373096,107,0.2820000004248868,True,True
0.1,18,ucs,True,10.414213562373096,10.414213562373096,101,0.5506000002242217,True,True
0.1,18,greedy,True,10.414213562373096,10.414213562373096,11,0.08230000003095483,True,True
0.1,18,astar,True,10.414213562373096,10.414213562373096,20,0.13059999992037774,True,True
0.1,19,bfs,True,9.242640687119286,9.242640687119286,85,0.23700000019744039,True,True
0.1,19,ucs,True,9.242640687119286,9.242640687119286,83,0.44049999996786937,True,True
0.1,19,greedy,True,9.242640687119286,9.242640687119286,9,0.06269999994401587,True,True
0.1,19,astar,True,9.242640687119286,9.242640687119286,14,0.08739999975659885,True,True
0.1,20,bfs,True,10.82842712474619,10.82842712474619,101,0.26579999985187897,True,True
0.1,20,ucs,True,10.82842712474619,10.82842712474619,100,0.5274999998619023,True,True
0.1,20,greedy,True,10.82842712474619,10.82842712474619,11,0.08340000022144523,True,True
0.1,20,astar,True,10.82842712474619,10.82842712474619,18,0.11549999999260763,True,True
0.1,21,bfs,True,5.82842712474619,5.82842712474619,43,0.1125999997384497,True,True
0.1,21,ucs,True,5.82842712474619,5.82842712474619,41,0.21260000039546867,True,True
0.1,21,greedy,True,5.82842712474619,5.82842712474619,6,0.032899999951041536,True,True
0.1,21,astar,True,5.82842712474619,5.82842712474619,9,0.049899999794433825,True,True
0.1,22,bfs,True,4.0,4.0,29,0.07960000039020088,True,True
0.1,22,ucs,True,4.0,4.0,24,0.13850000004822505,True,True
0.1,22,greedy,True,4.0,4.0,5,0.02900000026784255,True,True
0.1,22,astar,True,4.0,4.0,5,0.027099999897473026,True,True
0.1,23,bfs,True,3.0,3.0,19,0.05239999973127851,True,True
0.1,23,ucs,True,3.0,3.0,16,0.09380000028613722,True,True
0.1,23,greedy,True,3.0,3.0,4,0.020799999674636638,True,True
0.1,23,astar,True,3.0,3.0,4,0.01990000009755022,True,True
0.1,24,bfs,True,12.313708498984761,12.313708498984761,95,0.25649999997767736,True,True
0.1,24,ucs,True,12.313708498984761,12.313708498984761,102,0.5588999997598876,True,True
0.1,24,greedy,True,12.313708498984761,12.313708498984761,10,0.08239999988290947,True,True
0.1,24,astar,True,12.313708498984761,12.313708498984761,16,0.11650000033114338,True,True
0.1,25,bfs,True,10.485281374238571,10.485281374238571,93,0.24840000014592079,True,True
0.1,25,ucs,True,10.485281374238571,10.485281374238571,101,0.5433999999695516,True,True
0.1,25,greedy,True,10.485281374238571,10.485281374238571,9,0.0710999997863837,True,True
0.1,25,astar,True,10.485281374238571,10.485281374238571,15,0.14469999996435945,True,True
0.1,26,bfs,True,4.82842712474619,4.82842712474619,36,0.2841999998963729,True,True
0.1,26,ucs,True,4.82842712474619,4.82842712474619,31,0.20039999981236178,True,True
0.1,26,greedy,True,4.82842712474619,4.82842712474619,5,0.035200000183976954,True,True
0.1,26,astar,True,4.82842712474619,4.82842712474619,7,0.04459999991013319,True,True
0.1,27,bfs,True,10.82842712474619,10.82842712474619,105,0.7070000001476728,True,True
0.1,27,ucs,True,10.82842712474619,10.82842712474619,102,1.6384000000471133,True,True
0.1,27,greedy,True,10.82842712474619,10.82842712474619,11,0.23989999999685097,True,True
0.1,27,astar,True,10.82842712474619,10.82842712474619,11,0.24450000000797445,True,True
0.1,28,bfs,True,11.242640687119286,11.242640687119286,109,0.8978999999271764,True,True
0.1,28,ucs,True,11.242640687119286,11.242640687119286,107,1.718800000162446,True,True
0.1,28,greedy,True,12.071067811865476,11.242640687119286,11,0.2509999999347201,False,True
0.1,28,astar,True,11.242640687119286,11.242640687119286,19,0.18390000013823737,True,True
0.1,29,bfs,True,13.727922061357857,13.727922061357857,111,0.2948000001197215,True,True
0.1,29,ucs,True,13.727922061357857,13.727922061357857,111,0.5849000003763649,True,True
0.1,29,greedy,True,13.727922061357857,13.727922061357857,11,0.09000000000014552,True,True
0.1,29,astar,True,13.727922061357857,13.727922061357857,16,0.12289999995118706,True,True
0.1,30,bfs,True,14.313708498984761,14.313708498984761,106,0.2806000002237852,True,True
0.1,30,ucs,True,14.313708498984761,14.313708498984761,106,0.5470000000968867,True,True
0.1,30,greedy,True,14.313708498984761,14.313708498984761,12,0.08729999990464421,True,True
0.1,30,astar,True,14.313708498984761,14.313708498984761,34,0.21640000022671302,True,True
0.1,31,bfs,True,8.0,8.0,71,0.19359999987500487,True,True
0.1,31,ucs,True,8.0,8.0,61,0.31740000031277305,True,True
0.1,31,greedy,True,8.0,8.0,9,0.047900000026857015,True,True
0.1,31,astar,True,8.0,8.0,9,0.04639999997380073,True,True
0.1,32,bfs,True,5.242640687119286,5.242640687119286,37,0.09649999992689118,True,True
0.1,32,ucs,True,5.242640687119286,5.242640687119286,39,0.2102999997077859,True,True
0.1,32,greedy,True,5.242640687119286,5.242640687119286,5,0.03530000003593159,True,True
0.1,32,astar,True,5.242640687119286,5.242640687119286,6,0.04060000037497957,True,True
0.1,33,bfs,True,12.485281374238571,12.485281374238571,107,0.2862999999706517,True,True
0.1,33,ucs,True,12.485281374238571,12.485281374238571,103,0.5470000000968867,True,True
0.1,33,greedy,True,12.485281374238571,12.485281374238571,11,0.08210000032704556,True,True
0.1,33,astar,True,12.485281374238571,12.485281374238571,28,0.19190000011803932,True,True
0.1,34,bfs,True,5.242640687119286,5.242640687119286,38,0.10510000038266298,True,True
0.1,34,ucs,True,5.242640687119286,5.242640687119286,40,0.21689999994123355,True,True
0.1,34,greedy,True,5.242640687119286,5.242640687119286,5,0.03570000035324483,True,True
0.1,34,astar,True,5.242640687119286,5.242640687119286,6,0.04289999969842029,True,True
0.1,35,bfs,True,10.82842712474619,10.82842712474619,105,0.2760000002126617,True,True
0.1,35,ucs,True,10.82842712474619,10.82842712474619,104,0.5636999999296677,True,True
0.1,35,greedy,True,11.65685424949238,10.82842712474619,11,0.08109999998850981,False,True
0.1,35,astar,True,10.82842712474619,10.82842712474619,17,0.11590000030992087,True,True
0.1,36,bfs,True,11.242640687119286,11.242640687119286,108,0.2822999999807507,True,True
0.1,36,ucs,True,11.242640687119286,11.242640687119286,105,0.553599999875587,True,True
0.1,36,greedy,True,11.242640687119286,11.242640687119286,11,0.06570000005012844,True,True
0.1,36,astar,True,11.242640687119286,11.242640687119286,15,0.089399999978923,True,True
0.1,37,bfs,True,7.82842712474619,7.82842712474619,62,0.16550000009374344,True,True
0.1,37,ucs,True,7.82842712474619,7.82842712474619,63,0.35249999973530066,True,True
0.1,37,greedy,True,7.82842712474619,7.82842712474619,8,0.05760000021837186,True,True
0.1,37,astar,True,7.82842712474619,7.82842712474619,12,0.07270000014614197,True,True
0.1,38,bfs,True,11.65685424949238,11.65685424949238,108,0.28659999998126295,True,True
0.1,38,ucs,True,11.65685424949238,11.65685424949238,106,0.5802999999104941,True,True
0.1,38,greedy,True,11.65685424949238,11.65685424949238,11,0.07200000027296483,True,True
0.1,38,astar,True,11.65685424949238,11.65685424949238,18,0.11200000017197453,True,True
0.1,39,bfs,True,11.242640687119286,11.242640687119286,97,0.2625000001899025,True,True
0.1,39,ucs,True,11.242640687119286,11.242640687119286,94,0.5154999998921994,True,True
0.1,39,greedy,True,11.242640687119286,11.242640687119286,11,0.07899999991423101,True,True
0.1,39,astar,True,11.242640687119286,11.242640687119286,12,0.08500000012645614,True,True
0.1,40,bfs,True,5.0,5.0,34,0.1067000002876739,True,True
0.1,40,ucs,True,5.0,5.0,27,0.14409999994313694,True,True
0.1,40,greedy,True,5.0,5.0,6,0.032699999792384915,True,True
0.1,40,astar,True,5.0,5.0,6,0.03150000020468724,True,True
0.1,41,bfs,True,9.485281374238571,9.485281374238571,78,0.21130000004632166,True,True
0.1,41,ucs,True,9.485281374238571,9.485281374238571,88,0.47979999999370193,True,True
0.1,41,greedy,True,9.485281374238571,9.485281374238571,8,0.06230000008144998,True,True
0.1,41,astar,True,9.485281374238571,9.485281374238571,8,0.06209999992279336,True,True
0.1,42,bfs,True,8.071067811865476,8.071067811865476,66,0.18099999988407944,True,True
0.1,42,ucs,True,8.071067811865476,8.071067811865476,73,0.39530000003651367,True,True
0.1,42,greedy,True,8.071067811865476,8.071067811865476,7,0.05620000001727021,True,True
0.1,42,astar,True,8.071067811865476,8.071067811865476,12,0.08259999958681874,True,True
0.1,43,bfs,True,13.313708498984761,13.313708498984761,109,0.4883999999947264,True,True
0.1,43,ucs,True,13.313708498984761,13.313708498984761,109,1.5531999997620005,True,True
0.1,43,greedy,True,13.313708498984761,13.313708498984761,11,0.0905000001694134,True,True
0.1,43,astar,True,13.313708498984761,13.313708498984761,12,0.09159999990515644,True,True
0.1,44,bfs,True,8.65685424949238,8.65685424949238,69,0.1861000000644708,True,True
0.1,44,ucs,True,8.65685424949238,8.65685424949238,80,0.43509999977686675,True,True
0.1,44,greedy,True,8.65685424949238,8.65685424949238,8,0.06470000016634003,True,True
0.1,44,astar,True,8.65685424949238,8.65685424949238,14,0.1561000003675872,True,True
0.1,45,bfs,True,3.8284271247461903,3.8284271247461903,18,0.050800000281014945,True,True
0.1,45,ucs,True,3.8284271247461903,3.8284271247461903,21,0.13710000030187075,True,True
0.1,45,greedy,True,3.8284271247461903,3.8284271247461903,4,0.02719999974942766,True,True
0.1,45,astar,True,3.8284271247461903,3.8284271247461903,4,0.025800000003073364,True,True
0.1,46,bfs,True,10.65685424949238,10.65685424949238,82,0.22249999983614543,True,True
0.1,46,ucs,True,10.65685424949238,10.65685424949238,87,0.4928000003019406,True,True
0.1,46,greedy,True,10.65685424949238,10.65685424949238,10,0.0731999998606625,True,True
0.1,46,astar,True,10.65685424949238,10.65685424949238,23,0.136099999963335,True,True
0.1,47,bfs,True,1.4142135623730951,1.4142135623730951,5,0.014299999747890979,True,True
0.1,47,ucs,True,1.4142135623730951,1.4142135623730951,5,0.028399999791872688,True,True
0.1,47,greedy,True,1.4142135623730951,1.4142135623730951,2,0.010200000360782724,True,True
0.1,47,astar,True,1.4142135623730951,1.4142135623730951,2,0.009500000032858225,True,True
0.1,48,bfs,True,11.242640687119286,11.242640687119286,101,0.26889999980994617,True,True
0.1,48,ucs,True,11.242640687119286,11.242640687119286,103,0.5447000003186986,True,True
0.1,48,greedy,True,12.071067811865476,11.242640687119286,11,0.07970000024215551,False,True
0.1,48,astar,True,11.242640687119286,11.242640687119286,21,0.1382000000376138,True,True
0.1,49,bfs,True,11.071067811865476,11.071067811865476,98,0.2620000000206346,True,True
0.1,49,ucs,True,11.071067811865476,11.071067811865476,102,0.5326999998942483,True,True
0.1,49,greedy,True,11.071067811865476,11.071067811865476,10,0.07129999994504033,True,True
0.1,49,astar,True,11.071067811865476,11.071067811865476,29,0.19699999984368333,True,True
0.1,50,bfs,True,11.242640687119286,10.414213562373096,98,0.2546000000620552,False,True
0.1,50,ucs,True,10.414213562373096,10.414213562373096,88,0.45069999987390474,True,True
0.1,50,greedy,True,10.414213562373096,10.414213562373096,11,0.06840000014562975,True,True
0.1,50,astar,True,10.414213562373096,10.414213562373096,11,0.07150000010369695,True,True
0.1,51,bfs,True,8.414213562373096,8.414213562373096,75,0.19960000008723,True,True
0.1,51,ucs,True,8.414213562373096,8.414213562373096,71,0.38679999988744385,True,True
0.1,51,greedy,True,8.414213562373096,8.414213562373096,9,0.06450000000768341,True,True
0.1,51,astar,True,8.414213562373096,8.414213562373096,10,0.06639999992330559,True,True
0.1,52,bfs,True,11.65685424949238,11.65685424949238,108,0.29359999962252914,True,True
0.1,52,ucs,True,11.65685424949238,11.65685424949238,107,0.5547000000660773,True,True
0.1,52,greedy,True,11.65685424949238,11.65685424949238,11,0.0814999998510757,True,True
0.1,52,astar,True,11.65685424949238,11.65685424949238,29,0.189200000022538,True,True
0.1,53,bfs,True,12.071067811865476,12.071067811865476,100,0.26059999981953297,True,True
0.1,53,ucs,True,12.071067811865476,12.071067811865476,100,0.5120000000715663,True,True
0.1,53,greedy,True,12.899494936611665,12.071067811865476,11,0.07880000021032174,False,True
0.1,53,astar,True,12.071067811865476,12.071067811865476,26,0.16350000032616663,True,True
0.1,54,bfs,True,6.656854249492381,6.656854249492381,55,0.14359999977386906,True,True
0.1,54,ucs,True,6.656854249492381,6.656854249492381,61,0.31769999986863695,True,True
0.1,54,greedy,True,6.656854249492381,6.656854249492381,6,0.042499999835854396,True,True
0.1,54,astar,True,6.656854249492381,6.656854249492381,7,0.04530000023805769,True,True
0.1,55,bfs,True,12.899494936611665,12.071067811865476,109,0.29020000010859803,False,True
0.1,55,ucs,True,12.071067811865476,12.071067811865476,109,0.5772000004071742,True,True
0.1,55,greedy,True,12.899494936611665,12.071067811865476,11,0.08000000025276677,False,True
0.1,55,astar,True,12.071067811865476,12.071067811865476,32,0.19909999991796212,True,True
0.1,56,bfs,True,7.242640687119286,7.242640687119286,64,0.19879999990735087,True,True
0.1,56,ucs,True,7.242640687119286,7.242640687119286,64,0.35549999984141323,True,True
0.1,56,greedy,True,7.242640687119286,7.242640687119286,7,0.0473000000056345,True,True
0.1,56,astar,True,7.242640687119286,7.242640687119286,9,0.057700000070326496,True,True
0.1,57,bfs,True,6.656854249492381,6.656854249492381,57,0.15419999999721767,True,True
0.1,57,ucs,True,6.656854249492381,6.656854249492381,57,0.3051000003324589,True,True
0.1,57,greedy,True,6.656854249492381,6.656854249492381,6,0.04659999967771,True,True
0.1,57,astar,True,6.656854249492381,6.656854249492381,7,0.04840000019612489,True,True
0.1,58,bfs,True,8.414213562373096,8.414213562373096,76,0.2044999996542174,True,True
0.1,58,ucs,True,8.414213562373096,8.414213562373096,61,0.325199999679171,True,True
0.1,58,greedy,True,9.242640687119286,8.414213562373096,9,0.0496999996357772,False,True
0.1,58,astar,True,8.414213562373096,8.414213562373096,15,0.0793999997767969,True,True
0.1,59,bfs,True,11.242640687119286,11.242640687119286,98,0.2642999997988227,True,True
0.1,59,ucs,True,11.242640687119286,11.242640687119286,97,0.504200000250421,True,True
0.1,59,greedy,True,11.242640687119286,11.242640687119286,11,0.0783999998930085,True,True
0.1,59,astar,True,11.242640687119286,11.242640687119286,16,0.10440000005473848,True,True
0.1,60,bfs,True,11.242640687119286,11.242640687119286,102,0.2729000002545945,True,True
0.1,60,ucs,True,11.242640687119286,11.242640687119286,103,0.545599999895785,True,True
0.1,60,greedy,True,11.242640687119286,11.242640687119286,11,0.07899999991423101,True,True
0.1,60,astar,True,11.242640687119286,11.242640687119286,17,0.11270000004515168,True,True
0.1,61,bfs,True,7.242640687119286,7.242640687119286,49,0.3195999997842591,True,True
0.1,61,ucs,True,7.242640687119286,7.242640687119286,57,0.4403000002639601,True,True
0.1,61,greedy,True,7.242640687119286,7.242640687119286,7,0.044800000068789814,True,True
0.1,61,astar,True,7.242640687119286,7.242640687119286,9,0.05469999996421393,True,True
0.1,62,bfs,True,2.0,2.0,8,0.022500000341096893,True,True
0.1,62,ucs,True,2.0,2.0,7,0.03930000002583256,True,True
0.1,62,greedy,True,2.0,2.0,3,0.014900000223860843,True,True
0.1,62,astar,True,2.0,2.0,3,0.014100000043981709,True,True
0.1,63,bfs,True,3.8284271247461903,3.8284271247461903,24,0.06510000002890592,True,True
0.1,63,ucs,True,3.8284271247461903,3.8284271247461903,24,0.13810000018565916,True,True
0.1,63,greedy,True,3.8284271247461903,3.8284271247461903,4,0.023599999622092582,True,True
0.1,63,astar,True,3.8284271247461903,3.8284271247461903,4,0.024500000108673703,True,True
0.1,64,bfs,True,4.82842712474619,4.82842712474619,26,0.06819999998697313,True,True
0.1,64,ucs,True,4.82842712474619,4.82842712474619,27,0.14609999971071375,True,True
0.1,64,greedy,True,4.82842712474619,4.82842712474619,5,0.039599999581696466,True,True
0.1,64,astar,True,4.82842712474619,4.82842712474619,9,0.052600000344682485,True,True
0.1,65,bfs,True,10.485281374238571,10.485281374238571,89,0.23659999988012714,True,True
0.1,65,ucs,True,10.485281374238571,10.485281374238571,97,0.5149000003257242,True,True
0.1,65,greedy,True,10.485281374238571,10.485281374238571,9,0.06649999977526022,True,True
0.1,65,astar,True,10.485281374238571,10.485281374238571,13,0.09780000027603819,True,True
0.1,66,bfs,True,7.82842712474619,7.82842712474619,65,0.172399999883055,True,True
0.1,66,ucs,True,7.82842712474619,7.82842712474619,65,0.3806999998232641,True,True
0.1,66,greedy,True,8.65685424949238,7.82842712474619,8,0.09439999985261238,False,True
0.1,66,astar,True,7.82842712474619,7.82842712474619,17,0.10849999989659409,True,True
0.1,67,bfs,True,2.0,2.0,8,0.023800000235496555,True,True
0.1,67,ucs,True,2.0,2.0,8,0.04690000014306861,True,True
0.1,67,greedy,True,2.0,2.0,3,0.015999999959603883,True,True
0.1,67,astar,True,2.0,2.0,3,0.015099999927770114,True,True
0.1,68,bfs,True,7.656854249492381,7.656854249492381,68,0.17909999996845727,True,True
0.1,68,ucs,True,7.656854249492381,7.656854249492381,72,0.3824999998869316,True,True
0.1,68,greedy,True,7.656854249492381,7.656854249492381,7,0.051199999688833486,True,True
0.1,68,astar,True,7.656854249492381,7.656854249492381,11,0.07020000020929729,True,True
0.1,69,bfs,True,8.071067811865476,8.071067811865476,65,0.17429999979867716,True,True
0.1,69,ucs,True,8.071067811865476,8.071067811865476,71,0.37610000026688795,True,True
0.1,69,greedy,True,8.071067811865476,8.071067811865476,7,0.05710000004910398,True,True
0.1,69,astar,True,8.071067811865476,8.071067811865476,11,0.0770000001466542,True,True
0.1,70,bfs,True,10.0,10.0,100,0.2664999997250561,True,True
0.1,70,ucs,True,10.0,10.0,93,0.4963000001225737,True,True
0.1,70,greedy,True,10.0,10.0,11,0.07699999969190685,True,True
0.1,70,astar,True,10.0,10.0,11,0.07589999995616381,True,True
0.1,71,bfs,True,10.899494936611665,10.899494936611665,91,0.24329999996552942,True,True
0.1,71,ucs,True,10.899494936611665,10.899494936611665,102,0.557300000309624,True,True
0.1,71,greedy,True,10.899494936611665,10.899494936611665,9,0.06789999997636187,True,True
0.1,71,astar,True,10.899494936611665,10.899494936611665,13,0.08699999989403295,True,True
0.1,72,bfs,True,12.485281374238571,12.485281374238571,106,0.2807000000757398,True,True
0.1,72,ucs,True,12.485281374238571,12.485281374238571,106,0.5571000001509674,True,True
0.1,72,greedy,True,12.485281374238571,12.485281374238571,11,0.08479999996779952,True,True
0.1,72,astar,True,12.485281374238571,12.485281374238571,26,0.17149999985122122,True,True
0.1,73,bfs,True,3.8284271247461903,3.8284271247461903,22,0.05980000014460529,True,True
0.1,73,ucs,True,3.8284271247461903,3.8284271247461903,22,0.11880000010933145,True,True
0.1,73,greedy,True,3.8284271247461903,3.8284271247461903,4,0.02300000005561742,True,True
0.1,73,astar,True,3.8284271247461903,3.8284271247461903,4,0.023099999907572055,True,True
0.1,74,bfs,True,11.65685424949238,11.65685424949238,102,0.27829999999084976,True,True
0.1,74,ucs,True,11.65685424949238,11.65685424949238,99,0.5085000002509332,True,True
0.1,74,greedy,True,12.485281374238571,11.65685424949238,11,0.07940000023154425,False,True
0.1,74,astar,True,11.65685424949238,11.65685424949238,26,0.15880000000834116,True,True
0.1,75,bfs,True,4.242640687119286,4.242640687119286,26,0.06750000011379598,True,True
0.1,75,ucs,True,4.242640687119286,4.242640687119286,27,0.14700000019729487,True,True
0.1,75,greedy,True,4.242640687119286,4.242640687119286,4,0.028900000415887916,True,True
0.1,75,astar,True,4.242640687119286,4.242640687119286,4,0.02700000004551839,True,True
0.1,76,bfs,True,2.0,2.0,6,0.015899999652901897,True,True
0.1,76,ucs,True,2.0,2.0,5,0.021500000002561137,True,True
0.1,76,greedy,True,2.0,2.0,3,0.01160000010713702,True,True
0.1,76,astar,True,2.0,2.0,3,0.011000000085914508,True,True
0.1,77,bfs,True,6.414213562373095,6.414213562373095,63,0.18249999993713573,True,True
0.1,77,ucs,True,6.414213562373095,6.414213562373095,50,0.2754000001914392,True,True
0.1,77,greedy,True,6.414213562373095,6.414213562373095,7,0.04489999992074445,True,True
0.1,77,astar,True,6.414213562373095,6.414213562373095,8,0.04660000013245735,True,True
0.1,78,bfs,True,13.313708498984761,13.313708498984761,104,0.2754000001914392,True,True
0.1,78,ucs,True,13.313708498984761,13.313708498984761,104,0.5516999999599648,True,True
0.1,78,greedy,True,14.142135623730951,13.313708498984761,11,0.08969999998953426,False,True
0.1,78,astar,True,13.313708498984761,13.313708498984761,21,0.152900000102818,True,True
0.1,79,bfs,True,3.0,3.0,14,0.03839999999399879,True,True
0.1,79,ucs,True,3.0,3.0,14,0.07950000008349889,True,True
0.1,79,greedy,True,3.0,3.0,4,0.020700000277429353,True,True
0.1,79,astar,True,3.0,3.0,4,0.019800000245595584,True,True
0.1,80,bfs,True,10.65685424949238,10.65685424949238,84,0.22730000000592554,True,True
0.1,80,ucs,True,10.65685424949238,10.65685424949238,86,0.47059999997145496,True,True
0.1,80,greedy,True,10.65685424949238,10.65685424949238,10,0.07819999973435188,True,True
0.1,80,astar,True,10.65685424949238,10.65685424949238,21,0.13989999979457934,True,True
0.1,81,bfs,True,6.656854249492381,6.656854249492381,55,0.14950000013413955,True,True
0.1,81,ucs,True,6.656854249492381,6.656854249492381,59,0.32389999978477135,True,True
0.1,81,greedy,True,6.656854249492381,6.656854249492381,6,0.04650000028050272,True,True
0.1,81,astar,True,6.656854249492381,6.656854249492381,9,0.059299999975337414,True,True
0.1,82,bfs,True,6.82842712474619,6.82842712474619,46,0.12429999969754135,True,True
0.1,82,ucs,True,6.82842712474619,6.82842712474619,48,0.2550999997765757,True,True
0.1,82,greedy,True,6.82842712474619,6.82842712474619,7,0.04089999993084348,True,True
0.1,82,astar,True,6.82842712474619,6.82842712474619,14,0.07909999976618565,True,True
0.1,83,bfs,True,12.071067811865476,12.071067811865476,105,0.27499999987412593,True,True
0.1,83,ucs,True,12.071067811865476,12.071067811865476,105,0.5223000002843037,True,True
0.1,83,greedy,True,12.071067811865476,12.071067811865476,11,0.07370000002993038,True,True
0.1,83,astar,True,12.071067811865476,12.071067811865476,33,0.19280000014987309,True,True
0.1,84,bfs,True,10.242640687119286,10.242640687119286,86,0.6367999999383755,True,True
0.1,84,ucs,True,10.242640687119286,10.242640687119286,85,0.6771999996999511,True,True
0.1,84,greedy,True,10.242640687119286,10.242640687119286,10,0.0762999998187297,True,True
0.1,84,astar,True,10.242640687119286,10.242640687119286,11,0.07730000015726546,True,True
0.1,85,bfs,True,10.82842712474619,10.82842712474619,91,0.24679999978616252,True,True
0.1,85,ucs,True,10.82842712474619,10.82842712474619,84,0.47670000003563473,True,True
0.1,85,greedy,True,10.82842712474619,10.82842712474619,11,0.07760000016787671,True,True
0.1,85,astar,True,10.82842712474619,10.82842712474619,13,0.0804999999672873,True,True
0.1,86,bfs,True,10.414213562373096,10.414213562373096,104,0.2749000000221713,True,True
0.1,86,ucs,True,10.414213562373096,10.414213562373096,89,0.49560000024939654,True,True
0.1,86,greedy,True,10.414213562373096,10.414213562373096,11,0.08130000014716643,True,True
0.1,86,astar,True,10.414213562373096,10.414213562373096,11,0.07819999973435188,True,True
0.1,87,bfs,True,9.485281374238571,9.485281374238571,81,0.21579999975074315,True,True
0.1,87,ucs,True,9.485281374238571,9.485281374238571,90,0.4804999998668791,True,True
0.1,87,greedy,True,9.485281374238571,9.485281374238571,8,0.05989999999655993,True,True
0.1,87,astar,True,9.485281374238571,9.485281374238571,12,0.07980000009411015,True,True
0.1,88,bfs,True,1.0,1.0,2,0.00580000005356851,True,True
0.1,88,ucs,True,1.0,1.0,2,0.01159999965238967,True,True
0.1,88,greedy,True,1.0,1.0,2,0.010199999906035373,True,True
0.1,88,astar,True,1.0,1.0,2,0.009699999736767495,True,True
0.1,89,bfs,True,8.414213562373096,8.414213562373096,68,0.1837999998315354,True,True
0.1,89,ucs,True,8.414213562373096,8.414213562373096,62,0.34490000007281196,True,True
0.1,89,greedy,True,9.242640687119286,8.414213562373096,9,0.05230000033407123,False,True
0.1,89,astar,True,8.414213562373096,8.414213562373096,15,0.10040000006483751,True,True
0.1,90,bfs,True,1.0,1.0,4,0.011699999959091656,True,True
0.1,90,ucs,True,1.0,1.0,4,0.022499999886349542,True,True
0.1,90,greedy,True,1.0,1.0,2,0.010100000054080738,True,True
0.1,90,astar,True,1.0,1.0,2,0.00959999988481286,True,True
0.1,91,bfs,True,10.242640687119286,10.242640687119286,95,0.2856999999494292,True,True
0.1,91,ucs,True,10.242640687119286,10.242640687119286,93,0.524900000073103,True,True
0.1,91,greedy,True,10.242640687119286,10.242640687119286,10,0.06260000009206124,True,True
0.1,91,astar,True,10.242640687119286,10.242640687119286,14,0.08280000020022271,True,True
0.1,92,bfs,True,6.242640687119286,6.242640687119286,45,0.12479999986680923,True,True
0.1,92,ucs,True,6.242640687119286,6.242640687119286,47,0.26260000004185713,True,True
0.1,92,greedy,True,6.242640687119286,6.242640687119286,6,0.03670000023703324,True,True
0.1,92,astar,True,6.242640687119286,6.242640687119286,7,0.044299999899521936,True,True
0.1,93,bfs,True,13.313708498984761,13.313708498984761,107,0.2804999999170832,True,True
0.1,93,ucs,True,13.313708498984761,13.313708498984761,104,0.54439999985334,True,True
0.1,93,greedy,True,13.313708498984761,13.313708498984761,11,0.08980000029623625,True,True
0.1,93,astar,True,13.313708498984761,13.313708498984761,19,0.13790000002700253,True,True
0.1,94,bfs,True,6.414213562373095,6.414213562373095,39,0.10410000004412723,True,True
0.1,94,ucs,True,6.414213562373095,6.414213562373095,39,0.20529999983409652,True,True
0.1,94,greedy,True,7.242640687119286,6.414213562373095,7,0.03889999970851932,False,True
0.1,94,astar,True,6.414213562373095,6.414213562373095,11,0.05690000034519471,True,True
0.1,95,bfs,True,7.82842712474619,7.82842712474619,45,0.12019999985568575,True,True
0.1,95,ucs,True,7.82842712474619,7.82842712474619,46,0.2459000002090761,True,True
0.1,95,greedy,True,7.82842712474619,7.82842712474619,8,0.043900000036956044,True,True
0.1,95,astar,True,7.82842712474619,7.82842712474619,13,0.06660000008196221,True,True
0.1,96,bfs,True,4.0,4.0,22,0.058200000239594374,True,True
0.1,96,ucs,True,4.0,4.0,20,0.10680000013962854,True,True
0.1,96,greedy,True,4.0,4.0,5,0.025400000140507473,True,True
0.1,96,astar,True,4.0,4.0,5,0.024699999812582973,True,True
0.1,97,bfs,True,11.485281374238571,11.485281374238571,104,0.2762999997685256,True,True
0.1,97,ucs,True,11.485281374238571,11.485281374238571,110,0.5931000000600761,True,True
0.1,97,greedy,True,12.313708498984761,11.485281374238571,10,0.08209999987229821,False,True
0.1,97,astar,True,11.485281374238571,11.485281374238571,25,0.16439999990325305,True,True
0.1,98,bfs,True,7.656854249492381,7.656854249492381,68,0.18420000014884863,True,True
0.1,98,ucs,True,7.656854249492381,7.656854249492381,67,0.36249999993742676,True,True
0.1,98,greedy,True,7.656854249492381,7.656854249492381,7,0.04859999990003416,True,True
0.1,98,astar,True,7.656854249492381,7.656854249492381,12,0.0745999996070168,True,True
0.1,99,bfs,True,11.313708498984761,11.313708498984761,88,0.23559999999633874,True,True
0.1,99,ucs,True,11.313708498984761,11.313708498984761,101,0.5510000000867876,True,True
0.1,99,greedy,True,11.313708498984761,11.313708498984761,9,0.07550000009359792,True,True
0.1,99,astar,True,11.313708498984761,11.313708498984761,9,0.07239999968078337,True,True
0.1,100,bfs,True,10.82842712474619,10.82842712474619,87,0.23090000013326062,True,True
0.1,100,ucs,True,10.82842712474619,10.82842712474619,83,0.445900000158872,True,True
0.1,100,greedy,True,11.65685424949238,10.82842712474619,11,0.07750000031592208,False,True
0.1,100,astar,True,10.82842712474619,10.82842712474619,20,0.11050000011891825,True,True
0.1,101,bfs,True,7.0,7.0,54,0.14230000033421675,True,True
0.1,101,ucs,True,7.0,7.0,46,0.2420999999230844,True,True
0.1,101,greedy,True,7.0,7.0,8,0.04380000018500141,True,True
0.1,101,astar,True,7.0,7.0,8,0.04330000001573353,True,True
0.1,102,bfs,True,12.485281374238571,12.485281374238571,106,0.2843000002030749,True,True
0.1,102,ucs,True,12.485281374238571,12.485281374238571,106,0.5439000001388195,True,True
0.1,102,greedy,True,12.485281374238571,12.485281374238571,11,0.08600000001024455,True,True
0.1,102,astar,True,12.485281374238571,12.485281374238571,32,0.21030000016253325,True,True
0.1,103,bfs,True,11.65685424949238,10.82842712474619,100,0.262999999904423,False,True
0.1,103,ucs,True,10.82842712474619,10.82842712474619,95,0.5057000003034773,True,True
0.1,103,greedy,True,12.485281374238571,10.82842712474619,11,0.07949999962875154,False,True
0.1,103,astar,True,10.82842712474619,10.82842712474619,22,0.1366999999845575,True,True
0.1,104,bfs,True,4.82842712474619,4.82842712474619,33,0.0897999998414889,True,True
0.1,104,ucs,True,4.82842712474619,4.82842712474619,32,0.17740000021149172,True,True
0.1,104,greedy,True,4.82842712474619,4.82842712474619,5,0.03150000020468724,True,True
0.1,104,astar,True,4.82842712474619,4.82842712474619,9,0.052999999752501026,True,True
0.1,105,bfs,True,7.82842712474619,7.82842712474619,53,0.34049999976559775,True,True
0.1,105,ucs,True,7.82842712474619,7.82842712474619,58,0.6616000000576605,True,True
0.1,105,greedy,True,7.82842712474619,7.82842712474619,8,0.09379999983138987,True,True
0.1,105,astar,True,7.82842712474619,7.82842712474619,9,0.09969999973691301,True,True
0.1,106,bfs,True,9.0,9.0,76,0.21689999994123355,True,True
0.1,106,ucs,True,9.0,9.0,61,0.3330999998070183,True,True
0.1,106,greedy,True,9.0,9.0,10,0.053900000239082146,True,True
0.1,106,astar,True,9.0,9.0,10,0.052400000186025864,True,True
0.1,107,bfs,True,7.656854249492381,7.656854249492381,68,0.17769999976735562,True,True
0.1,107,ucs,True,7.656854249492381,7.656854249492381,67,0.35519999983080197,True,True
0.1,107,greedy,True,7.656854249492381,7.656854249492381,7,0.05310000005920301,True,True
0.1,107,astar,True,7.656854249492381,7.656854249492381,11,0.0721999999768741,True,True
0.1,108,bfs,True,10.414213562373096,10.414213562373096,101,0.2684999999473803,True,True
0.1,108,ucs,True,10.414213562373096,10.414213562373096,97,0.5247000003691937,True,True
0.1,108,greedy,True,10.414213562373096,10.414213562373096,11,0.07909999976618565,True,True
0.1,108,astar,True,10.414213562373096,10.414213562373096,12,0.08299999990413198,True,True
0.1,109,bfs,True,9.0,9.0,73,0.19759999986490584,True,True
0.1,109,ucs,True,9.0,9.0,61,0.33199999961652793,True,True
0.1,109,greedy,True,9.0,9.0,10,0.05069999997431296,True,True
0.1,109,astar,True,9.0,9.0,10,0.050999999984924216,True,True
0.1,110,bfs,True,11.65685424949238,11.65685424949238,99,0.2623000000312459,True,True
0.1,110,ucs,True,11.65685424949238,11.65685424949238,94,0.4844000000048254,True,True
0.1,110,greedy,True,11.65685424949238,11.65685424949238,11,0.08349999961865251,True,True
0.1,110,astar,True,11.65685424949238,11.65685424949238,26,0.17269999989366625,True,True
0.1,111,bfs,True,11.65685424949238,11.65685424949238,102,0.2804999999170832,True,True
0.1,111,ucs,True,11.65685424949238,11.65685424949238,98,0.5950999998276529,True,True
0.1,111,greedy,True,11.65685424949238,11.65685424949238,11,0.08479999996779952,True,True
0.1,111,astar,True,11.65685424949238,11.65685424949238,24,0.15459999985978357,True,True
0.1,112,bfs,True,14.313708498984761,14.313708498984761,106,0.2804999999170832,True,True
0.1,112,ucs,True,14.313708498984761,14.313708498984761,106,0.5563999998230429,True,True
0.1,112,greedy,True,14.313708498984761,14.313708498984761,12,0.09249999993699021,True,True
0.1,112,astar,True,14.313708498984761,14.313708498984761,34,0.22480000006908085,True,True
0.1,113,bfs,True,2.0,2.0,7,0.01939999992828234,True,True
0.1,113,ucs,True,2.0,2.0,7,0.03990000004705507,True,True
0.1,113,greedy,True,2.0,2.0,3,0.01629999997021514,True,True
0.1,113,astar,True,2.0,2.0,3,0.015699999948992627,True,True
0.1,114,bfs,True,2.0,2.0,6,0.01650000012887176,True,True
0.1,114,ucs,True,2.0,2.0,6,0.0351999997292296,True,True
0.1,114,greedy,True,2.0,2.0,3,0.015300000086426735,True,True
0.1,114,astar,True,2.0,2.0,3,0.014700000065204222,True,True
0.1,115,bfs,True,11.65685424949238,11.65685424949238,101,0.26170000001002336,True,True
0.1,115,ucs,True,11.65685424949238,11.65685424949238,102,0.5119000002196117,True,True
0.1,115,greedy,True,12.485281374238571,11.65685424949238,11,0.0749000000723754,False,True
0.1,115,astar,True,11.65685424949238,11.65685424949238,26,0.15510000002905144,True,True
0.1,116,bfs,True,2.414213562373095,2.414213562373095,9,0.04639999997380073,True,True
0.1,116,ucs,True,2.414213562373095,2.414213562373095,9,0.04839999974137754,True,True
0.1,116,greedy,True,2.414213562373095,2.414213562373095,3,0.0152000002344721,True,True
0.1,116,astar,True,2.414213562373095,2.414213562373095,4,0.02009999980145949,True,True
0.1,117,bfs,True,5.414213562373095,5.414213562373095,27,0.08159999970303033,True,True
0.1,117,ucs,True,5.414213562373095,5.414213562373095,27,0.42989999974452076,True,True
0.1,117,greedy,True,6.242640687119286,5.414213562373095,6,0.09960000033970573,False,True
0.1,117,astar,True,5.414213562373095,5.414213562373095,9,0.05650000002788147,True,True
0.1,118,bfs,True,12.485281374238571,12.242640687119286,101,0.2798999998958607,False,True
0.1,118,ucs,True,12.242640687119286,12.242640687119286,101,0.5414000002019748,True,True
0.1,118,greedy,True,14.727922061357857,12.242640687119286,12,0.08800000023256871,False,True
0.1,118,astar,True,12.242640687119286,12.242640687119286,32,0.20470000026762136,True,True
0.1,119,bfs,True,11.899494936611665,11.899494936611665,101,0.2810999999383057,True,True
0.1,119,ucs,True,11.899494936611665,11.899494936611665,107,0.5576000003202353,True,True
0.1,119,greedy,True,12.485281374238571,11.899494936611665,11,0.08079999997789855,False,True
0.1,119,astar,True,11.899494936611665,11.899494936611665,21,0.14719999990120414,True,True
0.1,120,bfs,True,3.0,3.0,16,0.041400000100111356,True,True
0.1,120,ucs,True,3.0,3.0,16,0.08519999983036541,True,True
0.1,120,greedy,True,3.0,3.0,4,0.02080000012938399,True,True
0.1,120,astar,True,3.0,3.0,4,0.02029999996011611,True,True
0.1,121,bfs,True,1.0,1.0,4,0.01159999965238967,True,True
0.1,121,ucs,True,1.0,1.0,4,0.02369999992879457,True,True
0.1,121,greedy,True,1.0,1.0,2,0.009999999747378752,True,True
0.1,121,astar,True,1.0,1.0,2,0.00959999988481286,True,True
0.1,122,bfs,True,3.0,3.0,16,0.04350000017439015,True,True
0.1,122,ucs,True,3.0,3.0,16,0.09219999992637895,True,True
0.1,122,greedy,True,3.0,3.0,4,0.02189999986512703,True,True
0.1,122,astar,True,3.0,3.0,4,0.021099999685247894,True,True
0.1,123,bfs,True,12.071067811865476,12.071067811865476,106,0.28029999975842657,True,True
0.1,123,ucs,True,12.071067811865476,12.071067811865476,106,0.563600000077713,True,True
0.1,123,greedy,True,12.071067811865476,12.071067811865476,11,0.07559999994555255,True,True
0.1,123,astar,True,12.071067811865476,12.071067811865476,35,0.1988999997593055,True,True
0.1,124,bfs,True,10.82842712474619,10.82842712474619,99,0.2623000000312459,True,True
0.1,124,ucs,True,10.82842712474619,10.82842712474619,97,0.5192999997234438,True,True
0.1,124,greedy,True,10.82842712474619,10.82842712474619,11,0.08509999997841078,True,True
0.1,124,astar,True,10.82842712474619,10.82842712474619,21,0.1864999999270367,True,True
0.1,125,bfs,True,10.82842712474619,10.82842712474619,102,0.283800000033807,True,True
0.1,125,ucs,True,10.82842712474619,10.82842712474619,95,0.5704999998670246,True,True
0.1,125,greedy,True,10.82842712474619,10.82842712474619,11,0.07770000001983135,True,True
0.1,125,astar,True,10.82842712474619,10.82842712474619,18,0.11749999976018444,True,True
0.1,126,bfs,True,12.071067811865476,12.071067811865476,104,0.2720000002227607,True,True
0.1,126,ucs,True,12.071067811865476,12.071067811865476,104,0.5586000002040237,True,True
0.1,126,greedy,True,12.899494936611665,12.071067811865476,11,0.08640000032755779,False,True
0.1,126,astar,True,12.071067811865476,12.071067811865476,30,0.19509999992806115,True,True
0.1,127,bfs,True,2.414213562373095,2.414213562373095,9,0.02569999969637138,True,True
0.1,127,ucs,True,2.414213562373095,2.414213562373095,10,0.05620000001727021,True,True
0.1,127,greedy,True,2.414213562373095,2.414213562373095,3,0.019800000245595584,True,True
0.1,127,astar,True,2.414213562373095,2.414213562373095,4,0.023499999770137947,True,True
0.1,128,bfs,True,5.414213562373095,5.414213562373095,52,0.14180000016494887,True,True
0.1,128,ucs,True,5.414213562373095,5.414213562373095,45,0.25069999992410885,True,True
0.1,128,greedy,True,5.414213562373095,5.414213562373095,6,0.04399999988891068,True,True
0.1,128,astar,True,5.414213562373095,5.414213562373095,10,0.05790000022898312,True,True
0.1,129,bfs,True,4.0,4.0,28,0.07779999987178599,True,True
0.1,129,ucs,True,4.0,4.0,26,0.14899999996487168,True,True
0.1,129,greedy,True,4.0,4.0,5,0.026200000320386607,True,True
0.1,129,astar,True,4.0,4.0,5,0.02479999966453761,True,True
0.1,130,bfs,True,1.0,1.0,2,0.005699999746866524,True,True
0.1,130,ucs,True,1.0,1.0,2,0.012099999821657548,True,True
0.1,130,greedy,True,1.0,1.0,2,0.010199999906035373,True,True
0.1,130,astar,True,1.0,1.0,2,0.010700000075303251,True,True
0.1,131,bfs,True,9.82842712474619,9.82842712474619,80,0.21879999985685572,True,True
0.1,131,ucs,True,9.82842712474619,9.82842712474619,75,0.42170000006080954,True,True
0.1,131,greedy,True,9.82842712474619,9.82842712474619,10,0.06819999998697313,True,True
0.1,131,astar,True,9.82842712474619,9.82842712474619,20,0.11719999974957318,True,True
0.1,132,bfs,True,14.142135623730951,14.142135623730951,112,0.293000000056054,True,True
0.1,132,ucs,True,14.142135623730951,14.142135623730951,112,0.5885000000489526,True,True
0.1,132,greedy,True,14.142135623730951,14.142135623730951,11,0.089399999978923,True,True
0.1,132,astar,True,14.142135623730951,14.142135623730951,11,0.08509999997841078,True,True
0.1,133,bfs,True,9.65685424949238,9.65685424949238,84,0.22469999976237887,True,True
0.1,133,ucs,True,9.65685424949238,9.65685424949238,86,0.4527000000962289,True,True
0.1,133,greedy,True,10.485281374238571,9.65685424949238,9,0.06280000025071786,False,True
0.1,133,astar,True,9.65685424949238,9.65685424949238,17,0.11469999981272849,True,True
0.1,134,bfs,True,5.656854249492381,5.656854249492381,42,0.10939999992842786,True,True
0.1,134,ucs,True,5.656854249492381,5.656854249492381,47,0.251399999797286,True,True
0.1,134,greedy,True,5.656854249492381,5.656854249492381,5,0.03689999994094251,True,True
0.1,134,astar,True,5.656854249492381,5.656854249492381,5,0.03549999973984086,True,True
0.1,135,bfs,True,12.485281374238571,12.485281374238571,105,0.27769999996962724,True,True
0.1,135,ucs,True,12.485281374238571,12.485281374238571,105,0.5370999997467152,True,True
0.1,135,greedy,True,12.485281374238571,12.485281374238571,11,0.08429999979853164,True,True
0.1,135,astar,True,12.485281374238571,12.485281374238571,26,0.17419999994672253,True,True
0.1,136,bfs,True,11.242640687119286,11.242640687119286,102,0.2700999998523912,True,True
0.1,136,ucs,True,11.242640687119286,11.242640687119286,101,0.5360000000109721,True,True
0.1,136,greedy,True,12.071067811865476,11.242640687119286,11,0.08029999980863067,False,True
0.1,136,astar,True,11.242640687119286,11.242640687119286,28,0.17710000020088046,True,True
0.1,137,bfs,True,3.0,3.0,15,0.04149999995206599,True,True
0.1,137,ucs,True,3.0,3.0,15,0.08419999994657701,True,True
0.1,137,greedy,True,3.0,3.0,4,0.02170000016121776,True,True
0.1,137,astar,True,3.0,3.0,4,0.02080000012938399,True,True
0.1,138,bfs,True,7.82842712474619,7.82842712474619,62,0.16550000009374344,True,True
0.1,138,ucs,True,7.82842712474619,7.82842712474619,58,0.29999999969732016,True,True
0.1,138,greedy,True,7.82842712474619,7.82842712474619,8,0.04350000017439015,True,True
0.1,138,astar,True,7.82842712474619,7.82842712474619,12,0.06530000018756255,True,True
0.1,139,bfs,True,9.65685424949238,9.65685424949238,86,0.25999999979831045,True,True
0.1,139,ucs,True,9.65685424949238,9.65685424949238,87,0.4741999996440427,True,True
0.1,139,greedy,True,10.485281374238571,9.65685424949238,9,0.10449999990669312,False,True
0.1,139,astar,True,9.65685424949238,9.65685424949238,16,0.14099999998506973,True,True
0.1,140,bfs,True,10.414213562373096,10.414213562373096,101,0.3268999998908839,True,True
0.1,140,ucs,True,10.414213562373096,10.414213562373096,93,0.6527000000460248,True,True
0.1,140,greedy,True,10.414213562373096,10.414213562373096,11,0.08329999991474324,True,True
0.1,140,astar,True,10.414213562373096,10.414213562373096,19,0.12549999973998638,True,True
0.1,141,bfs,True,15.485281374238571,15.485281374238571,103,0.2766999996310915,True,True
0.1,141,ucs,True,15.485281374238571,15.485281374238571,103,0.520900000083202,True,True
0.1,141,greedy,True,17.14213562373095,15.485281374238571,16,0.11029999996026163,False,True
0.1,141,astar,True,15.485281374238571,15.485281374238571,41,0.24080000002868474,True,True
0.1,142,bfs,True,12.485281374238571,12.485281374238571,110,0.2903999998125073,True,True
0.1,142,ucs,True,12.485281374238571,12.485281374238571,110,0.5900000001020089,True,True
0.1,142,greedy,True,12.485281374238571,12.485281374238571,11,0.08780000007391209,True,True
0.1,142,astar,True,12.485281374238571,12.485281374238571,30,0.19709999969563796,True,True
0.1,143,bfs,True,7.82842712474619,7.82842712474619,65,0.17639999987295596,True,True
0.1,143,ucs,True,7.82842712474619,7.82842712474619,63,0.3412999999454769,True,True
0.1,143,greedy,True,7.82842712474619,7.82842712474619,8,0.046999999995023245,True,True
0.1,143,astar,True,7.82842712474619,7.82842712474619,13,0.07409999989249627,True,True
0.1,144,bfs,True,11.242640687119286,11.242640687119286,106,0.2828000001500186,True,True
0.1,144,ucs,True,11.242640687119286,11.242640687119286,105,1.6838999999890802,True,True
0.1,144,greedy,True,11.242640687119286,11.242640687119286,11,0.18589999990581418,True,True
0.1,144,astar,True,11.242640687119286,11.242640687119286,15,0.21390000028986833,True,True
0.1,145,bfs,True,6.242640687119286,6.242640687119286,45,0.31380000018543797,True,True
0.1,145,ucs,True,6.242640687119286,6.242640687119286,54,0.38480000011986704,True,True
0.1,145,greedy,True,6.242640687119286,6.242640687119286,6,0.04639999997380073,True,True
0.1,145,astar,True,6.242640687119286,6.242640687119286,8,0.05409999994299142,True,True
0.1,146,bfs,True,10.414213562373096,10.414213562373096,98,0.3141999995932565,True,True
0.1,146,ucs,True,10.414213562373096,10.414213562373096,95,0.4898999995930353,True,True
0.1,146,greedy,True,10.414213562373096,10.414213562373096,11,0.0770000001466542,True,True
0.1,146,astar,True,10.414213562373096,10.414213562373096,20,0.1183999997920182,True,True
0.1,147,bfs,True,10.82842712474619,10.82842712474619,100,0.2672000000529806,True,True
0.1,147,ucs,True,10.82842712474619,10.82842712474619,98,0.520900000083202,True,True
0.1,147,greedy,True,10.82842712474619,10.82842712474619,11,0.07699999969190685,True,True
0.1,147,astar,True,10.82842712474619,10.82842712474619,21,0.13480000006893533,True,True
0.1,148,bfs,True,2.0,2.0,7,0.020200000108161476,True,True
0.1,148,ucs,True,2.0,2.0,7,0.0403999997615756,True,True
0.1,148,greedy,True,2.0,2.0,3,0.015999999959603883,True,True
0.1,148,astar,True,2.0,2.0,3,0.015099999927770114,True,True
0.1,149,bfs,True,7.82842712474619,7.82842712474619,75,0.19659999998111743,True,True
0.1,149,ucs,True,7.82842712474619,7.82842712474619,63,0.331700000060664,True,True
0.1,149,greedy,True,7.82842712474619,7.82842712474619,8,0.05520000013348181,True,True
0.1,149,astar,True,7.82842712474619,7.82842712474619,16,0.08620000016890117,True,True
0.1,150,bfs,True,10.242640687119286,10.242640687119286,101,0.27000000000043656,True,True
0.1,150,ucs,True,10.242640687119286,10.242640687119286,92,0.5159000002095127,True,True
0.1,150,greedy,True,10.242640687119286,10.242640687119286,10,0.07929999992484227,True,True
0.1,150,astar,True,10.242640687119286,10.242640687119286,17,0.1164000000244414,True,True
0.1,151,bfs,True,3.414213562373095,3.414213562373095,19,0.05160000000614673,True,True
0.1,151,ucs,True,3.414213562373095,3.414213562373095,18,0.09869999985312461,True,True
0.1,151,greedy,True,3.414213562373095,3.414213562373095,4,0.027099999897473026,True,True
0.1,151,astar,True,3.414213562373095,3.414213562373095,6,0.033599999824218685,True,True
0.1,152,bfs,True,3.0,3.0,9,0.02390000008745119,True,True
0.1,152,ucs,True,3.0,3.0,9,0.04859999990003416,True,True
0.1,152,greedy,True,3.0,3.0,4,0.018899999759014463,True,True
0.1,152,astar,True,3.0,3.0,4,0.018199999885837315,True,True
0.1,153,bfs,True,9.65685424949238,9.65685424949238,90,0.24020000000746222,True,True
0.1,153,ucs,True,9.65685424949238,9.65685424949238,91,0.5101000001559441,True,True
0.1,153,greedy,True,9.65685424949238,9.65685424949238,9,0.061100000039004954,True,True
0.1,153,astar,True,9.65685424949238,9.65685424949238,19,0.11809999978140695,True,True
0.1,154,bfs,True,5.414213562373095,5.414213562373095,30,0.28659999998126295,True,True
0.1,154,ucs,True,5.414213562373095,5.414213562373095,31,0.5110000001877779,True,True
0.1,154,greedy,True,5.414213562373095,5.414213562373095,6,0.09210000007442432,True,True
0.1,154,astar,True,5.414213562373095,5.414213562373095,9,0.1432999997632578,True,True
0.1,155,bfs,True,14.727922061357857,14.727922061357857,111,0.9781999997358071,True,True
0.1,155,ucs,True,14.727922061357857,14.727922061357857,111,1.7480000001341978,True,True
0.1,155,greedy,True,14.727922061357857,14.727922061357857,12,0.2716000003601948,True,True
0.1,155,astar,True,14.727922061357857,14.727922061357857,29,0.5989000001136446,True,True
0.1,156,bfs,True,2.0,2.0,7,0.0617999999121821,True,True
0.1,156,ucs,True,2.0,2.0,7,0.10640000027706265,True,True
0.1,156,greedy,True,2.0,2.0,3,0.04340000032243552,True,True
0.1,156,astar,True,2.0,2.0,3,0.04269999999451102,True,True
0.1,157,bfs,True,1.0,1.0,3,0.023800000235496555,True,True
0.1,157,ucs,True,1.0,1.0,3,0.04889999991064542,True,True
0.1,157,greedy,True,1.0,1.0,2,0.024699999812582973,True,True
0.1,157,astar,True,1.0,1.0,2,0.024500000108673703,True,True
0.1,158,bfs,True,11.899494936611665,11.899494936611665,99,0.916399999823625,True,True
0.1,158,ucs,True,11.899494936611665,11.899494936611665,107,1.0723999998845102,True,True
0.1,158,greedy,True,11.899494936611665,11.899494936611665,10,0.23359999977401458,True,True
0.1,158,astar,True,11.899494936611665,11.899494936611665,21,0.3483000000414904,True,True
0.1,159,bfs,True,4.0,4.0,28,0.1837999998315354,True,True
0.1,159,ucs,True,4.0,4.0,26,0.3011000003425579,True,True
0.1,159,greedy,True,4.0,4.0,5,0.03100000003541936,True,True
0.1,159,astar,True,4.0,4.0,5,0.02769999991869554,True,True
0.1,160,bfs,True,8.82842712474619,8.82842712474619,77,0.21190000006754417,True,True
0.1,160,ucs,True,8.82842712474619,8.82842712474619,73,0.3996000000370259,True,True
0.1,160,greedy,True,9.65685424949238,8.82842712474619,9,0.0555999999960477,False,True
0.1,160,astar,True,8.82842712474619,8.82842712474619,18,0.09950000003300374,True,True
0.1,161,bfs,True,12.242640687119286,12.242640687119286,108,0.31149999995250255,True,True
0.1,161,ucs,True,12.242640687119286,12.242640687119286,108,0.5765999999312044,True,True
0.1,161,greedy,True,13.899494936611665,12.242640687119286,14,0.10259999999107094,False,True
0.1,161,astar,True,12.242640687119286,12.242640687119286,41,0.27219999992667,True,True
0.1,162,bfs,True,10.414213562373096,10.414213562373096,95,0.25669999968158663,True,True
0.1,162,ucs,True,10.414213562373096,10.414213562373096,71,0.38889999996172264,True,True
0.1,162,greedy,True,10.414213562373096,10.414213562373096,11,0.07860000005166512,True,True
0.1,162,astar,True,10.414213562373096,10.414213562373096,20,0.10820000034073018,True,True
0.1,163,bfs,True,10.82842712474619,10.82842712474619,98,0.25970000024244655,True,True
0.1,163,ucs,True,10.82842712474619,10.82842712474619,91,0.4849000001740933,True,True
0.1,163,greedy,True,11.65685424949238,10.82842712474619,11,0.07950000008349889,False,True
0.1,163,astar,True,10.82842712474619,10.82842712474619,16,0.10299999985363684,True,True
0.1,164,bfs,True,7.242640687119286,7.242640687119286,56,0.14620000001741573,True,True
0.1,164,ucs,True,7.242640687119286,7.242640687119286,62,0.3266999997322273,True,True
0.1,164,greedy,True,8.071067811865476,7.242640687119286,7,0.05229999987932388,False,True
0.1,164,astar,True,7.242640687119286,7.242640687119286,8,0.05499999997482519,True,True
0.1,165,bfs,True,11.485281374238571,11.485281374238571,85,0.22949999993215897,True,True
0.1,165,ucs,True,11.485281374238571,11.485281374238571,95,0.49569999964660383,True,True
0.1,165,greedy,True,11.485281374238571,11.485281374238571,10,0.08759999991525547,True,True
0.1,165,astar,True,11.485281374238571,11.485281374238571,25,0.16330000016751,True,True
0.1,166,bfs,True,11.242640687119286,11.242640687119286,102,0.27060000002165907,True,True
0.1,166,ucs,True,11.242640687119286,11.242640687119286,104,0.5716999999094696,True,True
0.1,166,greedy,True,11.242640687119286,11.242640687119286,11,0.0863000000208558,True,True
0.1,166,astar,True,11.242640687119286,11.242640687119286,34,0.21749999996245606,True,True
0.1,167,bfs,True,11.485281374238571,11.485281374238571,94,0.2799999997478153,True,True
0.1,167,ucs,True,11.485281374238571,11.485281374238571,103,0.742500000342261,True,True
0.1,167,greedy,True,11.485281374238571,11.485281374238571,10,0.15399999983856105,True,True
0.1,167,astar,True,11.485281374238571,11.485281374238571,24,0.3959999999096908,True,True
0.1,168,bfs,True,10.65685424949238,10.414213562373096,89,0.7827999997971347,False,True
0.1,168,ucs,True,10.414213562373096,10.414213562373096,85,1.3457000000016706,True,True
0.1,168,greedy,True,10.65685424949238,10.414213562373096,10,0.11629999971773941,False,True
0.1,168,astar,True,10.414213562373096,10.414213562373096,11,0.10720000000219443,True,True
0.1,169,bfs,True,2.414213562373095,2.414213562373095,8,0.049700000090524554,True,True
0.1,169,ucs,True,2.414213562373095,2.414213562373095,9,0.09760000011738157,True,True
0.1,169,greedy,True,2.414213562373095,2.414213562373095,3,0.029799999992974335,True,True
0.1,169,astar,True,2.414213562373095,2.414213562373095,4,0.04170000011072261,True,True
0.1,170,bfs,True,10.82842712474619,10.82842712474619,105,0.6646000001637731,True,True
0.1,170,ucs,True,10.82842712474619,10.82842712474619,89,0.5007999998269952,True,True
0.1,170,greedy,True,10.82842712474619,10.82842712474619,11,0.08000000025276677,True,True
0.1,170,astar,True,10.82842712474619,10.82842712474619,16,0.09739999995872495,True,True
0.1,171,bfs,True,5.0,5.0,37,0.10309999970559147,True,True
0.1,171,ucs,True,5.0,5.0,29,0.16090000008261995,True,True
0.1,171,greedy,True,5.0,5.0,6,0.03210000022590975,True,True
0.1,171,astar,True,5.0,5.0,6,0.05720000035580597,True,True
0.1,172,bfs,True,6.242640687119286,6.242640687119286,46,0.31519999993179226,True,True
0.1,172,ucs,True,6.242640687119286,6.242640687119286,50,0.5914999997003179,True,True
0.1,172,greedy,True,6.242640687119286,6.242640687119286,6,0.08509999997841078,True,True
0.1,172,astar,True,6.242640687119286,6.242640687119286,8,0.09109999973588856,True,True
0.1,173,bfs,True,8.485281374238571,8.242640687119286,60,0.32420000025012996,False,True
0.1,173,ucs,True,8.242640687119286,8.242640687119286,69,0.7604000002174871,True,True
0.1,173,greedy,True,8.485281374238571,8.242640687119286,7,0.10369999972681399,False,True
0.1,173,astar,True,8.242640687119286,8.242640687119286,8,0.09559999989505741,True,True
0.1,174,bfs,True,6.242640687119286,6.242640687119286,50,0.2616000001580687,True,True
0.1,174,ucs,True,6.242640687119286,6.242640687119286,53,0.5741999998463143,True,True
0.1,174,greedy,True,6.242640687119286,6.242640687119286,6,0.12440000000424334,True,True
0.1,174,astar,True,6.242640687119286,6.242640687119286,8,0.19869999960064888,True,True
0.1,175,bfs,True,10.899494936611665,10.899494936611665,88,0.8363000001736509,True,True
0.1,175,ucs,True,10.899494936611665,10.899494936611665,102,1.6057999996519357,True,True
0.1,175,greedy,True,10.899494936611665,10.899494936611665,9,0.14590000000680448,True,True
0.1,175,astar,True,10.899494936611665,10.899494936611665,10,0.15530000018770806,True,True
0.1,176,bfs,True,3.0,3.0,16,0.08400000024266774,True,True
0.1,176,ucs,True,3.0,3.0,13,0.13850000004822505,True,True
0.1,176,greedy,True,3.0,3.0,4,0.03950000018448918,True,True
0.1,176,astar,True,3.0,3.0,4,0.038099999983387534,True,True
0.1,177,bfs,True,12.071067811865476,12.071067811865476,110,0.6029000001035456,True,True
0.1,177,ucs,True,12.071067811865476,12.071067811865476,111,1.270100000056118,True,True
0.1,177,greedy,True,12.071067811865476,12.071067811865476,11,0.18430000000080327,True,True
0.1,177,astar,True,12.071067811865476,12.071067811865476,30,0.3884000002472021,True,True
0.1,178,bfs,True,13.313708498984761,13.313708498984761,109,0.5989999999655993,True,True
0.1,178,ucs,True,13.313708498984761,13.313708498984761,109,1.7475999998168845,True,True
0.1,178,greedy,True,13.313708498984761,13.313708498984761,11,0.2936999999292311,True,True
0.1,178,astar,True,13.313708498984761,13.313708498984761,23,0.5080000000816653,True,True
0.1,179,bfs,True,9.65685424949238,9.65685424949238,67,0.3781999998864194,True,True
0.1,179,ucs,True,9.65685424949238,9.65685424949238,71,0.905999999758933,True,True
0.1,179,greedy,True,9.65685424949238,9.65685424949238,10,0.06410000014511752,True,True
0.1,179,astar,True,9.65685424949238,9.65685424949238,15,0.08770000022195745,True,True
0.1,180,bfs,True,2.0,2.0,10,0.027399999908084283,True,True
0.1,180,ucs,True,2.0,2.0,8,0.04450000005817856,True,True
0.1,180,greedy,True,2.0,2.0,3,0.015699999948992627,True,True
0.1,180,astar,True,2.0,2.0,3,0.015000000075815478,True,True
0.1,181,bfs,True,10.899494936611665,10.899494936611665,89,0.2386000001024513,True,True
0.1,181,ucs,True,10.899494936611665,10.899494936611665,100,0.5227999999988242,True,True
0.1,181,greedy,True,10.899494936611665,10.899494936611665,9,0.06970000004002941,True,True
0.1,181,astar,True,10.899494936611665,10.899494936611665,15,0.10100000008606003,True,True
0.1,182,bfs,True,11.899494936611665,11.899494936611665,89,0.3972999998040905,True,True
0.1,182,ucs,True,11.899494936611665,11.899494936611665,99,1.5140999998948246,True,True
0.1,182,greedy,True,11.899494936611665,11.899494936611665,10,0.21460000016304548,True,True
0.1,182,astar,True,11.899494936611665,11.899494936611665,20,0.33970000004046597,True,True
0.1,183,bfs,True,11.65685424949238,11.65685424949238,109,0.29219999987617484,True,True
0.1,183,ucs,True,11.65685424949238,11.65685424949238,109,0.567600000067614,True,True
0.1,183,greedy,True,12.485281374238571,11.65685424949238,11,0.12449999985619797,False,True
0.1,183,astar,True,11.65685424949238,11.65685424949238,27,0.4343999999036896,True,True
0.1,184,bfs,True,3.414213562373095,3.414213562373095,12,0.07090000008247443,True,True
0.1,184,ucs,True,3.414213562373095,3.414213562373095,13,0.14899999996487168,True,True
0.1,184,greedy,True,3.414213562373095,3.414213562373095,4,0.04129999979340937,True,True
0.1,184,astar,True,3.414213562373095,3.414213562373095,6,0.05469999996421393,True,True
0.1,185,bfs,True,6.242640687119286,6.242640687119286,47,0.28210000027684146,True,True
0.1,185,ucs,True,6.242640687119286,6.242640687119286,49,0.4435999999259366,True,True
0.1,185,greedy,True,6.242640687119286,6.242640687119286,6,0.0494000000799133,True,True
0.1,185,astar,True,6.242640687119286,6.242640687119286,8,0.05599999985861359,True,True
0.1,186,bfs,True,11.899494936611665,11.899494936611665,90,0.24200000007112976,True,True
0.1,186,ucs,True,11.899494936611665,11.899494936611665,102,0.5313999999998487,True,True
0.1,186,greedy,True,11.899494936611665,11.899494936611665,10,0.08289999959743,True,True
0.1,186,astar,True,11.899494936611665,11.899494936611665,20,0.14259999989008065,True,True
0.1,187,bfs,True,6.242640687119286,6.242640687119286,49,0.14099999998506973,True,True
0.1,187,ucs,True,6.242640687119286,6.242640687119286,50,0.2620000000206346,True,True
0.1,187,greedy,True,6.242640687119286,6.242640687119286,6,0.04070000022693421,True,True
0.1,187,astar,True,6.242640687119286,6.242640687119286,8,0.051500000154192094,True,True
0.1,188,bfs,True,1.4142135623730951,1.4142135623730951,5,0.013899999885325087,True,True
0.1,188,ucs,True,1.4142135623730951,1.4142135623730951,5,0.02789999962260481,True,True
0.1,188,greedy,True,1.4142135623730951,1.4142135623730951,2,0.009100000170292333,True,True
0.1,188,astar,True,1.4142135623730951,1.4142135623730951,2,0.008600000001024455,True,True
0.1,189,bfs,True,12.485281374238571,12.485281374238571,92,0.24640000037834398,True,True
0.1,189,ucs,True,12.485281374238571,12.485281374238571,96,0.4908999999315711,True,True
0.1,189,greedy,True,12.485281374238571,12.485281374238571,11,0.08040000011533266,True,True
0.1,189,astar,True,12.485281374238571,12.485281374238571,31,0.1913000000968168,True,True
0.1,190,bfs,True,4.0,4.0,29,0.0780000000304426,True,True
0.1,190,ucs,True,4.0,4.0,24,0.172399999883055,True,True
0.1,190,greedy,True,4.0,4.0,5,0.02429999995001708,True,True
0.1,190,astar,True,4.0,4.0,5,0.022899999748915434,True,True
0.1,191,bfs,True,5.0,5.0,40,0.11250000034124241,True,True
0.1,191,ucs,True,5.0,5.0,31,0.16999999979816494,True,True
0.1,191,greedy,True,5.0,5.0,6,0.032899999951041536,True,True
0.1,191,astar,True,5.0,5.0,6,0.031400000352732604,True,True
0.1,192,bfs,True,2.414213562373095,2.414213562373095,11,0.0297000001410197,True,True
0.1,192,ucs,True,2.414213562373095,2.414213562373095,11,0.06030000031387317,True,True
0.1,192,greedy,True,2.414213562373095,2.414213562373095,3,0.01609999981155852,True,True
0.1,192,astar,True,2.414213562373095,2.414213562373095,4,0.02119999999194988,True,True
0.1,193,bfs,True,10.899494936611665,10.899494936611665,90,0.2401000001555076,True,True
0.1,193,ucs,True,10.899494936611665,10.899494936611665,98,0.5191999998714891,True,True
0.1,193,greedy,True,10.899494936611665,10.899494936611665,9,0.0710999997863837,True,True
0.1,193,astar,True,10.899494936611665,10.899494936611665,13,0.09350000027552596,True,True
0.1,194,bfs,True,7.82842712474619,7.82842712474619,55,0.15080000002853922,True,True
0.1,194,ucs,True,7.82842712474619,7.82842712474619,48,0.26320000006307964,True,True
0.1,194,greedy,True,7.82842712474619,7.82842712474619,8,0.04189999981463188,True,True
0.1,194,astar,True,7.82842712474619,7.82842712474619,12,0.0679999998283165,True,True
0.1,195,bfs,True,11.071067811865476,11.071067811865476,99,0.26260000004185713,True,True
0.1,195,ucs,True,11.071067811865476,11.071067811865476,97,0.5193000001781911,True,True
0.1,195,greedy,True,11.071067811865476,11.071067811865476,10,0.08029999980863067,True,True
0.1,195,astar,True,11.071067811865476,11.071067811865476,27,0.17220000017914572,True,True
0.1,196,bfs,True,6.82842712474619,6.82842712474619,51,0.13699999999516876,True,True
0.1,196,ucs,True,6.82842712474619,6.82842712474619,45,0.23880000026110793,True,True
0.1,196,greedy,True,6.82842712474619,6.82842712474619,7,0.03979999974035309,True,True
0.1,196,astar,True,6.82842712474619,6.82842712474619,12,0.06689999963782611,True,True
0.1,197,bfs,True,12.071067811865476,11.242640687119286,103,0.4725999997390318,False,True
0.1,197,ucs,True,11.242640687119286,11.242640687119286,100,1.1411999998927058,True,True
0.1,197,greedy,True,12.071067811865476,11.242640687119286,11,0.16090000008261995,False,True
0.1,197,astar,True,11.242640687119286,11.242640687119286,27,0.3548999998201907,True,True
0.1,198,bfs,True,2.0,2.0,8,0.050999999984924216,True,True
0.1,198,ucs,True,2.0,2.0,8,0.0866999998834217,True,True
0.1,198,greedy,True,2.0,2.0,3,0.01650000012887176,True,True
0.1,198,astar,True,2.0,2.0,3,0.015799999800947262,True,True
0.1,199,bfs,True,2.0,2.0,9,0.02499999982319423,True,True
0.1,199,ucs,True,2.0,2.0,7,0.03870000000461005,True,True
0.1,199,greedy,True,2.0,2.0,3,0.012900000001536682,True,True
0.1,199,astar,True,2.0,2.0,3,0.012800000149582047,True,True
0.2,0,bfs,True,4.0,4.0,16,0.04179999996267725,True,True
0.2,0,ucs,True,4.0,4.0,16,0.07850000019971048,True,True
0.2,0,greedy,True,4.0,4.0,5,0.026400000024295878,True,True
0.2,0,astar,True,4.0,4.0,5,0.025499999992462108,True,True
0.2,1,bfs,True,11.485281374238571,11.242640687119286,89,0.23670000018682913,False,True
0.2,1,ucs,True,11.242640687119286,11.242640687119286,91,0.4718000000139,True,True
0.2,1,greedy,True,11.485281374238571,11.242640687119286,10,0.06949999988137279,False,True
0.2,1,astar,True,11.242640687119286,11.242640687119286,28,0.15830000029382063,True,True
0.2,2,bfs,True,11.65685424949238,11.65685424949238,90,0.23909999981697183,True,True
0.2,2,ucs,True,11.65685424949238,11.65685424949238,91,0.6637000001319393,True,True
0.2,2,greedy,True,12.485281374238571,11.65685424949238,11,0.0774000000092201,False,True
0.2,2,astar,True,11.65685424949238,11.65685424949238,33,0.18719999980021385,True,True
0.2,3,bfs,True,11.65685424949238,11.65685424949238,90,0.23950000013428507,True,True
0.2,3,ucs,True,11.65685424949238,11.65685424949238,90,0.4543000000012398,True,True
0.2,3,greedy,True,11.65685424949238,11.65685424949238,11,0.0780000000304426,True,True
0.2,3,astar,True,11.65685424949238,11.65685424949238,22,0.1380999997309118,True,True
0.2,4,bfs,True,6.656854249492381,6.656854249492381,53,0.13859999990017968,True,True
0.2,4,ucs,True,6.656854249492381,6.656854249492381,56,0.29600000016216654,True,True
0.2,4,greedy,True,6.656854249492381,6.656854249492381,6,0.041900000269379234,True,True
0.2,4,astar,True,6.656854249492381,6.656854249492381,6,0.040299999909620965,True,True
0.2,5,bfs,True,1.0,1.0,3,0.008100000286503928,True,True
0.2,5,ucs,True,1.0,1.0,3,0.015600000097037992,True,True
0.2,5,greedy,True,1.0,1.0,2,0.008799999704933725,True,True
0.2,5,astar,True,1.0,1.0,2,0.00850000014906982,True,True
0.2,6,bfs,True,12.071067811865476,11.242640687119286,89,0.23430000010193908,False,True
0.2,6,ucs,True,11.242640687119286,11.242640687119286,88,0.44049999996786937,True,True
0.2,6,greedy,True,12.071067811865476,11.242640687119286,11,0.0749000000723754,False,True
0.2,6,astar,True,11.242640687119286,11.242640687119286,16,0.09850000014921534,True,True
0.2,7,bfs,True,7.82842712474619,7.82842712474619,62,0.16780000032667886,True,True
0.2,7,ucs,True,7.82842712474619,7.82842712474619,60,0.318899999911082,True,True
0.2,7,greedy,True,7.82842712474619,7.82842712474619,8,0.05319999991115765,True,True
0.2,7,astar,True,7.82842712474619,7.82842712474619,16,0.08410000009462237,True,True
0.2,8,bfs,True,10.414213562373096,10.414213562373096,95,0.2556999997977982,True,True
0.2,8,ucs,True,10.414213562373096,10.414213562373096,91,0.4644999999072752,True,True
0.2,8,greedy,True,12.071067811865476,10.414213562373096,11,0.08679999973537633,False,True
0.2,8,astar,True,10.414213562373096,10.414213562373096,18,0.11880000010933145,True,True
0.2,9,bfs,True,4.82842712474619,4.82842712474619,22,0.058399999943503644,True,True
0.2,9,ucs,True,4.82842712474619,4.82842712474619,26,0.13750000016443664,True,True
0.2,9,greedy,True,4.82842712474619,4.82842712474619,5,0.027300000056129647,True,True
0.2,9,astar,True,4.82842712474619,4.82842712474619,5,0.02610000001368462,True,True
0.2,10,bfs,True,2.0,2.0,7,0.0183000001925393,True,True
0.2,10,ucs,True,2.0,2.0,7,0.03779999997277628,True,True
0.2,10,greedy,True,2.0,2.0,3,0.0144999999065476,True,True
0.2,10,astar,True,2.0,2.0,3,0.014100000043981709,True,True
0.2,11,bfs,True,13.313708498984761,13.313708498984761,89,0.23259999989022617,True,True
0.2,11,ucs,True,13.313708498984761,13.313708498984761,91,0.45180000006439514,True,True
0.2,11,greedy,True,13.313708498984761,13.313708498984761,11,0.08100000013655517,True,True
0.2,11,astar,True,13.313708498984761,13.313708498984761,14,0.10889999975915998,True,True
0.2,12,bfs,True,2.0,2.0,7,0.01939999992828234,True,True
0.2,12,ucs,True,2.0,2.0,7,0.03569999989849748,True,True
0.2,12,greedy,True,2.0,2.0,3,0.013200000012147939,True,True
0.2,12,astar,True,2.0,2.0,3,0.01249999968422344,True,True
0.2,13,bfs,True,9.65685424949238,9.65685424949238,70,0.18520000003263704,True,True
0.2,13,ucs,True,9.65685424949238,9.65685424949238,71,0.3596999999899708,True,True
0.2,13,greedy,True,9.65685424949238,9.65685424949238,9,0.061100000039004954,True,True
0.2,13,astar,True,9.65685424949238,9.65685424949238,21,0.11720000020432053,True,True
0.2,14,bfs,True,4.0,4.0,15,0.03860000015265541,True,True
0.2,14,ucs,True,4.0,4.0,15,0.07159999995565158,True,True
0.2,14,greedy,True,4.0,4.0,5,0.022400000034394907,True,True
0.2,14,astar,True,4.0,4.0,5,0.02170000016121776,True,True
0.2,15,bfs,True,4.82842712474619,4.82842712474619,31,0.08429999979853164,True,True
0.2,15,ucs,True,4.82842712474619,4.82842712474619,33,0.1806999998734682,True,True
0.2,15,greedy,True,4.82842712474619,4.82842712474619,5,0.02969999968627235,True,True
0.2,15,astar,True,4.82842712474619,4.82842712474619,6,0.03400000014153193,True,True
0.2,16,bfs,True,3.0,3.0,8,0.021500000002561137,True,True
0.2,16,ucs,True,3.0,3.0,8,0.03889999970851932,True,True
0.2,16,greedy,True,3.0,3.0,4,0.015899999652901897,True,True
0.2,16,astar,True,3.0,3.0,4,0.015300000086426735,True,True
0.2,17,bfs,True,12.899494936611665,12.899494936611665,96,0.25359999972351943,True,True
0.2,17,ucs,True,12.899494936611665,12.899494936611665,96,0.49290000015389523,True,True
0.2,17,greedy,True,12.899494936611665,12.899494936611665,11,0.08489999981975416,True,True
0.2,17,astar,True,12.899494936611665,12.899494936611665,27,0.18060000002151355,True,True
0.2,18,bfs,True,5.0,5.0,43,0.11080000012952951,True,True
0.2,18,ucs,True,5.0,5.0,35,0.17799999977796688,True,True
0.2,18,greedy,True,5.0,5.0,6,0.029199999971751822,True,True
0.2,18,astar,True,5.0,5.0,6,0.02880000010918593,True,True
0.2,19,bfs,True,2.0,2.0,8,0.020399999812070746,True,True
0.2,19,ucs,True,2.0,2.0,6,0.03190000006725313,True,True
0.2,19,greedy,True,2.0,2.0,3,0.013100000160193304,True,True
0.2,19,astar,True,2.0,2.0,3,0.012399999832268804,True,True
0.2,20,bfs,True,10.242640687119286,10.242640687119286,86,0.23039999996399274,True,True
0.2,20,ucs,True,10.242640687119286,10.242640687119286,77,0.40609999996377155,True,True
0.2,20,greedy,True,10.242640687119286,10.242640687119286,10,0.07980000009411015,True,True
0.2,20,astar,True,10.242640687119286,10.242640687119286,24,0.13559999979406712,True,True
0.2,21,bfs,True,11.242640687119286,11.242640687119286,85,0.22250000029089279,True,True
0.2,21,ucs,True,11.242640687119286,11.242640687119286,84,0.41079999982684967,True,True
0.2,21,greedy,True,11.242640687119286,11.242640687119286,11,0.0731999998606625,True,True
0.2,21,astar,True,11.242640687119286,11.242640687119286,25,0.14480000027106144,True,True
0.2,22,bfs,True,14.313708498984761,14.313708498984761,97,0.2515999999559426,True,True
0.2,22,ucs,True,14.313708498984761,14.313708498984761,97,0.476899999739544,True,True
0.2,22,greedy,True,14.313708498984761,14.313708498984761,12,0.08000000025276677,True,True
0.2,22,astar,True,14.313708498984761,14.313708498984761,25,0.15699999994467362,True,True
0.2,23,bfs,True,2.414213562373095,2.414213562373095,8,0.021600000309263123,True,True
0.2,23,ucs,True,2.414213562373095,2.414213562373095,10,0.05269999974188977,True,True
0.2,23,greedy,True,2.414213562373095,2.414213562373095,3,0.01939999992828234,True,True
0.2,23,astar,True,2.414213562373095,2.414213562373095,4,0.022700000045006163,True,True
0.2,24,bfs,True,13.313708498984761,13.313708498984761,103,0.2703000000110478,True,True
0.2,24,ucs,True,13.313708498984761,13.313708498984761,104,0.5338999999366933,True,True
0.2,24,greedy,True,13.313708498984761,13.313708498984761,11,0.08189999971364159,True,True
0.2,24,astar,True,13.313708498984761,13.313708498984761,20,0.13719999969907803,True,True
0.2,25,bfs,True,2.8284271247461903,2.8284271247461903,13,0.035399999887886224,True,True
0.2,25,ucs,True,2.8284271247461903,2.8284271247461903,13,0.0731999998606625,True,True
0.2,25,greedy,True,2.8284271247461903,2.8284271247461903,3,0.01740000016070553,True,True
0.2,25,astar,True,2.8284271247461903,2.8284271247461903,3,0.016599999980826396,True,True
0.2,26,bfs,True,10.414213562373096,10.414213562373096,96,0.2550999997765757,True,True
0.2,26,ucs,True,10.414213562373096,10.414213562373096,86,0.45529999988502823,True,True
0.2,26,greedy,True,11.242640687119286,10.414213562373096,11,0.07460000006176415,False,True
0.2,26,astar,True,10.414213562373096,10.414213562373096,19,0.11790000007749768,True,True
0.2,27,bfs,True,8.071067811865476,7.242640687119286,48,0.1268000000891334,False,True
0.2,27,ucs,True,7.242640687119286,7.242640687119286,50,0.2540999998927873,True,True
0.2,27,greedy,True,8.071067811865476,7.242640687119286,7,0.04269999999451102,False,True
0.2,27,astar,True,7.242640687119286,7.242640687119286,9,0.052400000186025864,True,True
0.2,28,bfs,True,10.071067811865476,10.071067811865476,68,0.1762000001690467,True,True
0.2,28,ucs,True,10.071067811865476,10.071067811865476,81,0.4094000000804954,True,True
0.2,28,greedy,True,10.071067811865476,10.071067811865476,9,0.05759999976362451,True,True
0.2,28,astar,True,10.071067811865476,10.071067811865476,21,0.11649999987639603,True,True
0.2,29,bfs,True,3.8284271247461903,3.8284271247461903,12,0.03440000000409782,True,True
0.2,29,ucs,True,3.8284271247461903,3.8284271247461903,15,0.07889999960752903,True,True
0.2,29,greedy,True,3.8284271247461903,3.8284271247461903,4,0.02189999986512703,True,True
0.2,29,astar,True,3.8284271247461903,3.8284271247461903,5,0.02680000034160912,True,True
0.2,30,bfs,True,13.313708498984761,13.313708498984761,87,0.23250000003827154,True,True
0.2,30,ucs,True,13.313708498984761,13.313708498984761,94,0.4656000000977656,True,True
0.2,30,greedy,True,14.142135623730951,13.313708498984761,11,0.07820000018909923,False,True
0.2,30,astar,True,13.313708498984761,13.313708498984761,19,0.11720000020432053,True,True
0.2,31,bfs,True,6.82842712474619,6.82842712474619,58,0.15279999979611603,True,True
0.2,31,ucs,True,6.82842712474619,6.82842712474619,53,0.2731999998104584,True,True
0.2,31,greedy,True,7.656854249492381,6.82842712474619,7,0.03999999989900971,False,True
0.2,31,astar,True,6.82842712474619,6.82842712474619,9,0.04749999970954377,True,True
0.2,32,bfs,True,1.0,1.0,3,0.008600000001024455,True,True
0.2,32,ucs,True,1.0,1.0,3,0.018000000181928044,True,True
0.2,32,greedy,True,1.0,1.0,2,0.01049999991664663,True,True
0.2,32,astar,True,1.0,1.0,2,0.010199999906035373,True,True
0.2,33,bfs,True,9.82842712474619,9.82842712474619,58,0.15559999974357197,True,True
0.2,33,ucs,True,9.82842712474619,9.82842712474619,53,0.2768999997897481,True,True
0.2,33,greedy,True,9.82842712474619,9.82842712474619,10,0.05000000010113581,True,True
0.2,33,astar,True,9.82842712474619,9.82842712474619,14,0.06740000026184134,True,True
0.2,34,bfs,True,12.071067811865476,11.242640687119286,97,0.2518999999665539,False,True
0.2,34,ucs,True,11.242640687119286,11.242640687119286,96,0.4818000002160261,True,True
0.2,34,greedy,True,11.242640687119286,11.242640687119286,11,0.07279999999809661,True,True
0.2,34,astar,True,11.242640687119286,11.242640687119286,26,0.15499999972234946,True,True
0.2,35,bfs,True,13.313708498984761,13.313708498984761,92,0.2407000001767301,True,True
0.2,35,ucs,True,13.313708498984761,13.313708498984761,92,0.4505000001699955,True,True
0.2,35,greedy,True,13.313708498984761,13.313708498984761,11,0.0804999999672873,True,True
0.2,35,astar,True,13.313708498984761,13.313708498984761,20,0.1434000000699598,True,True
0.2,36,bfs,True,4.82842712474619,4.82842712474619,32,0.08569999999963329,True,True
0.2,36,ucs,True,4.82842712474619,4.82842712474619,33,0.17840000009528012,True,True
0.2,36,greedy,True,4.82842712474619,4.82842712474619,5,0.028200000087963417,True,True
0.2,36,astar,True,4.82842712474619,4.82842712474619,6,0.03220000007786439,True,True
0.2,37,bfs,True,10.242640687119286,10.242640687119286,77,0.20339999991847435,True,True
0.2,37,ucs,True,10.242640687119286,10.242640687119286,75,0.3764999996747065,True,True
0.2,37,greedy,True,11.899494936611665,10.242640687119286,11,0.06880000000819564,False,True
0.2,37,astar,True,10.242640687119286,10.242640687119286,15,0.08729999990464421,True,True
0.2,38,bfs,True,3.414213562373095,3.414213562373095,17,0.04489999992074445,True,True
0.2,38,ucs,True,3.414213562373095,3.414213562373095,16,0.08660000003146706,True,True
0.2,38,greedy,True,3.414213562373095,3.414213562373095,4,0.021599999854515772,True,True
0.2,38,astar,True,3.414213562373095,3.414213562373095,6,0.03210000022590975,True,True
0.2,39,bfs,True,11.485281374238571,11.242640687119286,85,0.251500000103988,False,True
0.2,39,ucs,True,11.242640687119286,11.242640687119286,88,0.45700000009674113,True,True
0.2,39,greedy,True,11.485281374238571,11.242640687119286,10,0.0656000001981738,False,True
0.2,39,astar,True,11.242640687119286,11.242640687119286,19,0.10259999999107094,True,True
0.2,40,bfs,True,11.65685424949238,10.82842712474619,97,0.25510000023132307,False,True
0.2,40,ucs,True,10.82842712474619,10.82842712474619,90,0.46240000028774375,True,True
0.2,40,greedy,True,11.65685424949238,10.82842712474619,11,0.07580000010420918,False,True
0.2,40,astar,True,10.82842712474619,10.82842712474619,16,0.1007999999274034,True,True
0.2,41,bfs,True,1.4142135623730951,1.4142135623730951,5,0.012599999990925426,True,True
0.2,41,ucs,True,1.4142135623730951,1.4142135623730951,5,0.023099999907572055,True,True
0.2,41,greedy,True,1.4142135623730951,1.4142135623730951,2,0.010000000202126103,True,True
0.2,41,astar,True,1.4142135623730951,1.4142135623730951,2,0.009500000032858225,True,True
0.2,42,bfs,True,9.242640687119286,9.242640687119286,74,0.19629999997050618,True,True
0.2,42,ucs,True,9.242640687119286,9.242640687119286,71,0.37479999991774093,True,True
0.2,42,greedy,True,10.071067811865476,9.242640687119286,9,0.06280000025071786,False,True
0.2,42,astar,True,9.242640687119286,9.242640687119286,19,0.10789999987537158,True,True
0.2,43,bfs,True,8.65685424949238,8.65685424949238,72,0.18950000003314926,True,True
0.2,43,ucs,True,8.65685424949238,8.65685424949238,73,0.3722000001289416,True,True
0.2,43,greedy,True,8.65685424949238,8.65685424949238,8,0.05030000011174707,True,True
0.2,43,astar,True,8.65685424949238,8.65685424949238,14,0.07809999988239724,True,True
0.2,44,bfs,True,8.242640687119286,8.242640687119286,58,0.1556999995955266,True,True
0.2,44,ucs,True,8.242640687119286,8.242640687119286,54,0.27670000008583884,True,True
0.2,44,greedy,True,9.071067811865476,8.242640687119286,8,0.044299999899521936,False,True
0.2,44,astar,True,8.242640687119286,8.242640687119286,9,0.04639999997380073,True,True
0.2,45,bfs,True,4.82842712474619,4.82842712474619,33,0.08989999969344353,True,True
0.2,45,ucs,True,4.82842712474619,4.82842712474619,31,0.16340000001946464,True,True
0.2,45,greedy,True,4.82842712474619,4.82842712474619,5,0.027599999611993553,True,True
0.2,45,astar,True,4.82842712474619,4.82842712474619,7,0.036499999623629265,True,True
0.2,46,bfs,True,13.313708498984761,13.313708498984761,92,0.24500000017724233,True,True
0.2,46,ucs,True,13.313708498984761,13.313708498984761,93,0.46070000007603085,True,True
0.2,46,greedy,True,13.313708498984761,13.313708498984761,11,0.07869999990361976,True,True
0.2,46,astar,True,13.313708498984761,13.313708498984761,16,0.10159999965253519,True,True
0.2,47,bfs,True,12.071067811865476,12.071067811865476,81,0.21229999993011006,True,True
0.2,47,ucs,True,12.071067811865476,12.071067811865476,78,0.3803999998126528,True,True
0.2,47,greedy,True,12.071067811865476,12.071067811865476,11,0.0745999996070168,True,True
0.2,47,astar,True,12.071067811865476,12.071067811865476,32,0.18219999992652447,True,True
0.2,48,bfs,True,4.414213562373095,4.414213562373095,26,0.07189999996626284,True,True
0.2,48,ucs,True,4.414213562373095,4.414213562373095,28,0.16139999979714048,True,True
0.2,48,greedy,True,4.414213562373095,4.414213562373095,5,0.030100000003585592,True,True
0.2,48,astar,True,4.414213562373095,4.414213562373095,6,0.0320999997711624,True,True
0.2,49,bfs,True,10.485281374238571,10.485281374238571,82,0.2175999998144107,True,True
0.2,49,ucs,True,10.485281374238571,10.485281374238571,88,0.44239999988349155,True,True
0.2,49,greedy,True,10.485281374238571,10.485281374238571,9,0.06480000001829467,True,True
0.2,49,astar,True,10.485281374238571,10.485281374238571,12,0.07699999969190685,True,True
0.2,50,bfs,True,11.65685424949238,11.65685424949238,88,0.23279999959413544,True,True
0.2,50,ucs,True,11.65685424949238,11.65685424949238,88,0.4409999996823899,True,True
0.2,50,greedy,True,11.65685424949238,11.65685424949238,12,0.08000000025276677,True,True
0.2,50,astar,True,11.65685424949238,11.65685424949238,30,0.17639999987295596,True,True
0.2,51,bfs,True,11.65685424949238,11.65685424949238,84,0.23299999975279206,True,True
0.2,51,ucs,True,11.65685424949238,11.65685424949238,86,0.42269999994459795,True,True
0.2,51,greedy,True,11.65685424949238,11.65685424949238,11,0.07469999991371878,True,True
0.2,51,astar,True,11.65685424949238,11.65685424949238,29,0.1656999997976527,True,True
0.2,52,bfs,True,12.485281374238571,12.485281374238571,83,0.22170000011101365,True,True
0.2,52,ucs,True,12.485281374238571,12.485281374238571,88,0.554799999918032,True,True
0.2,52,greedy,True,12.485281374238571,12.485281374238571,11,0.0774000000092201,True,True
0.2,52,astar,True,12.485281374238571,12.485281374238571,20,0.12180000021544402,True,True
0.2,53,bfs,True,10.414213562373096,10.414213562373096,92,0.25120000009337673,True,True
0.2,53,ucs,True,10.414213562373096,10.414213562373096,85,0.43550000009418,True,True
0.2,53,greedy,True,11.242640687119286,10.414213562373096,11,0.0793999997767969,False,True
0.2,53,astar,True,10.414213562373096,10.414213562373096,19,0.11689999973896192,True,True
0.2,54,bfs,True,13.727922061357857,13.485281374238571,96,0.25030000006154296,False,True
0.2,54,ucs,True,13.485281374238571,13.485281374238571,95,0.46610000026703347,True,True
0.2,54,greedy,True,13.727922061357857,13.485281374238571,11,0.08509999997841078,False,True
0.2,54,astar,True,13.485281374238571,13.485281374238571,35,0.2171999999518448,True,True
0.2,55,bfs,True,10.071067811865476,10.071067811865476,80,0.2191999997194216,True,True
0.2,55,ucs,True,10.071067811865476,10.071067811865476,80,0.41169999985868344,True,True
0.2,55,greedy,True,10.071067811865476,10.071067811865476,9,0.06510000002890592,True,True
0.2,55,astar,True,10.071067811865476,10.071067811865476,16,0.10060000022349413,True,True
0.2,56,bfs,True,1.0,1.0,3,0.008800000159681076,True,True
0.2,56,ucs,True,1.0,1.0,3,0.018500000351195922,True,True
0.2,56,greedy,True,1.0,1.0,2,0.009999999747378752,True,True
0.2,56,astar,True,1.0,1.0,2,0.009500000032858225,True,True
0.2,57,bfs,True,14.313708498984761,13.485281374238571,94,0.24669999993420788,False,True
0.2,57,ucs,True,13.485281374238571,13.485281374238571,94,0.4635999998754414,True,True
0.2,57,greedy,True,14.313708498984761,13.485281374238571,13,0.089399999978923,False,True
0.2,57,astar,True,13.485281374238571,13.485281374238571,21,0.12930000002597808,True,True
0.2,58,bfs,True,5.242640687119286,5.242640687119286,33,0.0884000000951346,True,True
0.2,58,ucs,True,5.242640687119286,5.242640687119286,35,0.1968999999917287,True,True
0.2,58,greedy,True,5.242640687119286,5.242640687119286,5,0.0359000000571541,True,True
0.2,58,astar,True,5.242640687119286,5.242640687119286,6,0.042299999677197775,True,True
0.2,59,bfs,True,7.82842712474619,7.82842712474619,53,0.1384000001962704,True,True
0.2,59,ucs,True,7.82842712474619,7.82842712474619,55,0.2718000000641041,True,True
0.2,59,greedy,True,8.65685424949238,7.82842712474619,8,0.05210000017541461,False,True
0.2,59,astar,True,7.82842712474619,7.82842712474619,13,0.07200000027296483,True,True
0.2,60,bfs,True,8.242640687119286,8.242640687119286,50,0.13639999997394625,True,True
0.2,60,ucs,True,8.242640687119286,8.242640687119286,50,0.2725999997892359,True,True
0.2,60,greedy,True,8.242640687119286,8.242640687119286,9,0.05160000000614673,True,True
0.2,60,astar,True,8.242640687119286,8.242640687119286,13,0.06979999989198404,True,True
0.2,61,bfs,True,10.485281374238571,9.65685424949238,69,0.1803000000109023,False,True
0.2,61,ucs,True,9.65685424949238,9.65685424949238,75,0.38230000018302235,True,True
0.2,61,greedy,True,10.485281374238571,9.65685424949238,9,0.06429999984902679,False,True
0.2,61,astar,True,9.65685424949238,9.65685424949238,22,0.1253000000360771,True,True
0.2,62,bfs,True,1.0,1.0,2,0.005500000042957254,True,True
0.2,62,ucs,True,1.0,1.0,2,0.011500000255182385,True,True
0.2,62,greedy,True,1.0,1.0,2,0.009899999895424116,True,True
0.2,62,astar,True,1.0,1.0,2,0.00959999988481286,True,True
0.2,63,bfs,True,1.0,1.0,2,0.004699999863078119,True,True
0.2,63,ucs,True,1.0,1.0,2,0.009200000022246968,True,True
0.2,63,greedy,True,1.0,1.0,2,0.008600000001024455,True,True
0.2,63,astar,True,1.0,1.0,2,0.008400000297115184,True,True
0.2,64,bfs,True,3.8284271247461903,3.8284271247461903,23,0.060399999711080454,True,True
0.2,64,ucs,True,3.8284271247461903,3.8284271247461903,23,0.12289999995118706,True,True
0.2,64,greedy,True,3.8284271247461903,3.8284271247461903,4,0.022499999886349542,True,True
0.2,64,astar,True,3.8284271247461903,3.8284271247461903,4,0.02369999992879457,True,True
0.2,65,bfs,True,11.242640687119286,11.242640687119286,96,0.24759999996604165,True,True
0.2,65,ucs,True,11.242640687119286,11.242640687119286,95,0.47210000002451125,True,True
0.2,65,greedy,True,11.242640687119286,11.242640687119286,11,0.0770000001466542,True,True
0.2,65,astar,True,11.242640687119286,11.242640687119286,16,0.1067000002876739,True,True
0.2,66,bfs,True,9.242640687119286,9.242640687119286,70,0.18690000024434994,True,True
0.2,66,ucs,True,9.242640687119286,9.242640687119286,64,0.34779999987222254,True,True
0.2,66,greedy,True,10.071067811865476,9.242640687119286,9,0.047900000026857015,False,True
0.2,66,astar,True,9.242640687119286,9.242640687119286,12,0.06140000004961621,True,True
0.2,67,bfs,True,13.485281374238571,12.65685424949238,101,0.26320000006307964,False,True
0.2,67,ucs,True,12.65685424949238,12.65685424949238,101,0.5099999998492422,True,True
0.2,67,greedy,True,13.485281374238571,12.65685424949238,14,0.10049999991679215,False,True
0.2,67,astar,True,12.65685424949238,12.65685424949238,44,0.2687000001060369,True,True
0.2,68,bfs,True,8.82842712474619,8.82842712474619,60,0.15910000001895241,True,True
0.2,68,ucs,True,8.82842712474619,8.82842712474619,58,0.30810000043857144,True,True
0.2,68,greedy,True,8.82842712474619,8.82842712474619,9,0.04769999986820039,True,True
0.2,68,astar,True,8.82842712474619,8.82842712474619,15,0.08579999985158793,True,True
0.2,69,bfs,True,10.899494936611665,10.899494936611665,73,0.1953999999386724,True,True
0.2,69,ucs,True,10.899494936611665,10.899494936611665,86,0.4300999999031774,True,True
0.2,69,greedy,True,10.899494936611665,10.899494936611665,9,0.06620000021939632,True,True
0.2,69,astar,True,10.899494936611665,10.899494936611665,13,0.08440000010523363,True,True
0.2,70,bfs,True,7.242640687119286,7.242640687119286,48,0.12860000015280093,True,True
0.2,70,ucs,True,7.242640687119286,7.242640687119286,46,0.22949999993215897,True,True
0.2,70,greedy,True,8.071067811865476,7.242640687119286,7,0.04290000015316764,False,True
0.2,70,astar,True,7.242640687119286,7.242640687119286,8,0.0525000000379805,True,True
0.2,71,bfs,True,9.899494936611665,9.899494936611665,73,0.19420000035097473,True,True
0.2,71,ucs,True,9.899494936611665,9.899494936611665,84,0.4455000002963061,True,True
0.2,71,greedy,True,9.899494936611665,9.899494936611665,8,0.06590000020878506,True,True
0.2,71,astar,True,9.899494936611665,9.899494936611665,8,0.06229999962670263,True,True
0.2,72,bfs,True,4.82842712474619,4.82842712474619,25,0.06830000029367511,True,True
0.2,72,ucs,True,4.82842712474619,4.82842712474619,28,0.1474999999118154,True,True
0.2,72,greedy,True,4.82842712474619,4.82842712474619,5,0.03150000020468724,True,True
0.2,72,astar,True,4.82842712474619,4.82842712474619,8,0.04350000017439015,True,True
0.2,73,bfs,True,9.414213562373096,9.414213562373096,74,0.19569999994928367,True,True
0.2,73,ucs,True,9.414213562373096,9.414213562373096,61,0.30629999992015655,True,True
0.2,73,greedy,True,10.242640687119286,9.414213562373096,10,0.05650000002788147,False,True
0.2,73,astar,True,9.414213562373096,9.414213562373096,17,0.09180000006381306,True,True
0.2,74,bfs,True,1.0,1.0,3,0.008499999694322469,True,True
0.2,74,ucs,True,1.0,1.0,3,0.017500000012660166,True,True
0.2,74,greedy,True,1.0,1.0,2,0.010199999906035373,True,True
0.2,74,astar,True,1.0,1.0,2,0.009800000043469481,True,True
0.2,75,bfs,True,11.485281374238571,11.485281374238571,79,0.21090000018375576,True,True
0.2,75,ucs,True,11.485281374238571,11.485281374238571,87,0.44749999960913556,True,True
0.2,75,greedy,True,12.899494936611665,11.485281374238571,12,0.07240000013553072,False,True
0.2,75,astar,True,11.485281374238571,11.485281374238571,19,0.10780000002341694,True,True
0.2,76,bfs,True,12.899494936611665,12.899494936611665,97,0.29640000002473244,True,True
0.2,76,ucs,True,12.899494936611665,12.899494936611665,97,0.4925999996885366,True,True
0.2,76,greedy,True,12.899494936611665,12.899494936611665,11,0.07790000017848797,True,True
0.2,76,astar,True,12.899494936611665,12.899494936611665,19,0.13020000005781185,True,True
0.2,77,bfs,True,11.242640687119286,11.242640687119286,96,0.44129999969300115,True,True
0.2,77,ucs,True,11.242640687119286,11.242640687119286,88,0.47519999998257845,True,True
0.2,77,greedy,True,11.242640687119286,11.242640687119286,11,0.07780000032653334,True,True
0.2,77,astar,True,11.242640687119286,11.242640687119286,29,0.16610000011496595,True,True
0.2,78,bfs,True,1.0,1.0,2,0.00580000005356851,True,True
0.2,78,ucs,True,1.0,1.0,2,0.009399999726156238,True,True
0.2,78,greedy,True,1.0,1.0,2,0.007599999662488699,True,True
0.2,78,astar,True,1.0,1.0,2,0.0073999999585794285,True,True
0.2,79,bfs,True,12.485281374238571,12.485281374238571,97,0.2549999999246211,True,True
0.2,79,ucs,True,12.485281374238571,12.485281374238571,99,0.49500000022817403,True,True
0.2,79,greedy,True,13.313708498984761,12.485281374238571,11,0.07079999977577245,False,True
0.2,79,astar,True,12.485281374238571,12.485281374238571,34,0.17889999980980065,True,True
0.2,80,bfs,True,12.485281374238571,12.485281374238571,87,0.23089999967851327,True,True
0.2,80,ucs,True,12.485281374238571,12.485281374238571,89,0.4538999996839266,True,True
0.2,80,greedy,True,12.485281374238571,12.485281374238571,12,0.08200000002034358,True,True
0.2,80,astar,True,12.485281374238571,12.485281374238571,31,0.17460000026403577,True,True
0.2,81,bfs,True,10.414213562373096,10.414213562373096,88,0.23710000004939502,True,True
0.2,81,ucs,True,10.414213562373096,10.414213562373096,76,0.409600000239152,True,True
0.2,81,greedy,True,10.414213562373096,10.414213562373096,11,0.07379999988188501,True,True
0.2,81,astar,True,10.414213562373096,10.414213562373096,16,0.09009999985210015,True,True
0.2,82,bfs,True,8.414213562373096,8.414213562373096,65,0.17220000017914572,True,True
0.2,82,ucs,True,8.414213562373096,8.414213562373096,60,0.3151000000798376,True,True
0.2,82,greedy,True,8.414213562373096,8.414213562373096,9,0.056400000175926834,True,True
0.2,82,astar,True,8.414213562373096,8.414213562373096,12,0.06409999969037017,True,True
0.2,83,bfs,True,12.899494936611665,12.899494936611665,94,0.27320000026520574,True,True
0.2,83,ucs,True,12.899494936611665,12.899494936611665,95,0.475699999697099,True,True
0.2,83,greedy,True,12.899494936611665,12.899494936611665,11,0.07790000017848797,True,True
0.2,83,astar,True,12.899494936611665,12.899494936611665,22,0.13859999990017968,True,True
0.2,84,bfs,True,11.242640687119286,11.242640687119286,95,0.25009999990288634,True,True
0.2,84,ucs,True,11.242640687119286,11.242640687119286,95,0.47819999963394366,True,True
0.2,84,greedy,True,12.899494936611665,11.242640687119286,11,0.084300000253279,False,True
0.2,84,astar,True,11.242640687119286,11.242640687119286,20,0.1301000002058572,True,True
0.2,85,bfs,True,11.65685424949238,11.65685424949238,98,0.25629999981902074,True,True
0.2,85,ucs,True,11.65685424949238,11.65685424949238,102,0.5132000001140113,True,True
0.2,85,greedy,True,12.485281374238571,11.65685424949238,11,0.08410000009462237,False,True
0.2,85,astar,True,11.65685424949238,11.65685424949238,28,0.17590000015843543,True,True
0.2,86,bfs,True,2.0,2.0,7,0.02009999980145949,True,True
0.2,86,ucs,True,2.0,2.0,7,0.0411000000895001,True,True
0.2,86,greedy,True,2.0,2.0,3,0.015900000107649248,True,True
0.2,86,astar,True,2.0,2.0,3,0.01539999993838137,True,True
0.2,87,bfs,True,9.071067811865476,9.071067811865476,58,0.15169999960562564,True,True
0.2,87,ucs,True,9.071067811865476,9.071067811865476,72,0.37479999991774093,True,True
0.2,87,greedy,True,9.071067811865476,9.071067811865476,8,0.060399999711080454,True,True
0.2,87,astar,True,9.071067811865476,9.071067811865476,12,0.07400000004054164,True,True
0.2,88,bfs,True,3.8284271247461903,3.8284271247461903,18,0.05109999983687885,True,True
0.2,88,ucs,True,3.8284271247461903,3.8284271247461903,19,0.11080000012952951,True,True
0.2,88,greedy,True,3.8284271247461903,3.8284271247461903,4,0.019899999642802868,True,True
0.2,88,astar,True,3.8284271247461903,3.8284271247461903,4,0.019499999780236976,True,True
0.2,89,bfs,True,10.0,10.0,91,0.23969999983819434,True,True
0.2,89,ucs,True,10.0,10.0,81,0.42300000040995656,True,True
0.2,89,greedy,True,10.0,10.0,11,0.07929999992484227,True,True
0.2,89,astar,True,10.0,10.0,11,0.07760000016787671,True,True
0.2,90,bfs,True,12.899494936611665,12.071067811865476,83,0.22130000024844776,False,True
0.2,90,ucs,True,12.071067811865476,12.071067811865476,86,0.4389999999148131,True,True
0.2,90,greedy,True,12.899494936611665,12.071067811865476,11,0.08040000011533266,False,True
0.2,90,astar,True,12.071067811865476,12.071067811865476,24,0.1523000000815955,True,True
0.2,91,bfs,True,9.242640687119286,9.242640687119286,69,0.1843999998527579,True,True
0.2,91,ucs,True,9.242640687119286,9.242640687119286,65,0.33949999988180934,True,True
0.2,91,greedy,True,9.242640687119286,9.242640687119286,9,0.051900000016757986,True,True
0.2,91,astar,True,9.242640687119286,9.242640687119286,14,0.0787000003583671,True,True
0.2,92,bfs,True,4.82842712474619,4.82842712474619,29,0.07909999976618565,True,True
0.2,92,ucs,True,4.82842712474619,4.82842712474619,30,0.1588999998602958,True,True
0.2,92,greedy,True,5.656854249492381,4.82842712474619,5,0.033400000120309414,False,True
0.2,92,astar,True,4.82842712474619,4.82842712474619,7,0.038300000142044155,True,True
0.2,93,bfs,True,11.485281374238571,11.485281374238571,75,0.19669999983307207,True,True
0.2,93,ucs,True,11.485281374238571,11.485281374238571,82,0.4162999998698069,True,True
0.2,93,greedy,True,12.071067811865476,11.485281374238571,11,0.07850000019971048,False,True
0.2,93,astar,True,11.485281374238571,11.485281374238571,19,0.1183999997920182,True,True
0.2,94,bfs,True,11.65685424949238,11.65685424949238,89,0.23319999991144869,True,True
0.2,94,ucs,True,11.65685424949238,11.65685424949238,88,0.44310000021141605,True,True
0.2,94,greedy,True,13.071067811865476,11.65685424949238,13,0.07860000005166512,False,True
0.2,94,astar,True,11.65685424949238,11.65685424949238,25,0.13070000022707973,True,True
0.2,95,bfs,True,9.071067811865476,9.071067811865476,71,0.18480000017007114,True,True
0.2,95,ucs,True,9.071067811865476,9.071067811865476,76,0.38960000028964714,True,True
0.2,95,greedy,True,9.071067811865476,9.071067811865476,8,0.05469999996421393,True,True
0.2,95,astar,True,9.071067811865476,9.071067811865476,15,0.09030000001075678,True,True
0.2,96,bfs,True,4.0,4.0,26,0.07099999993442907,True,True
0.2,96,ucs,True,4.0,4.0,19,0.10470000006534974,True,True
0.2,96,greedy,True,4.0,4.0,5,0.026499999876250513,True,True
0.2,96,astar,True,4.0,4.0,5,0.03199999991920777,True,True
0.2,97,bfs,True,12.071067811865476,12.071067811865476,105,0.2724000000853266,True,True
0.2,97,ucs,True,12.071067811865476,12.071067811865476,105,0.6493000000773463,True,True
0.2,97,greedy,True,12.899494936611665,12.071067811865476,11,0.07649999997738632,False,True
0.2,97,astar,True,12.071067811865476,12.071067811865476,33,0.22910000006959308,True,True
0.2,98,bfs,True,7.656854249492381,7.656854249492381,59,0.15559999974357197,True,True
0.2,98,ucs,True,7.656854249492381,7.656854249492381,61,0.31050000006871414,True,True
0.2,98,greedy,True,7.656854249492381,7.656854249492381,7,0.048600000354781514,True,True
0.2,98,astar,True,7.656854249492381,7.656854249492381,9,0.05999999984851456,True,True
0.2,99,bfs,True,5.82842712474619,5.82842712474619,46,0.13330000001587905,True,True
0.2,99,ucs,True,5.82842712474619,5.82842712474619,35,0.1882000001387496,True,True
0.2,99,greedy,True,5.82842712474619,5.82842712474619,6,0.03890000016326667,True,True
0.2,99,astar,True,5.82842712474619,5.82842712474619,10,0.05450000026030466,True,True
0.2,100,bfs,True,7.656854249492381,6.82842712474619,52,0.14039999996384722,False,True
0.2,100,ucs,True,6.82842712474619,6.82842712474619,52,0.27409999984229216,True,True
0.2,100,greedy,True,6.82842712474619,6.82842712474619,7,0.039400000332534546,True,True
0.2,100,astar,True,6.82842712474619,6.82842712474619,8,0.04379999973025406,True,True
0.2,101,bfs,True,2.8284271247461903,2.8284271247461903,6,0.016700000287528383,True,True
0.2,101,ucs,True,2.8284271247461903,2.8284271247461903,8,0.048999999762600055,True,True
0.2,101,greedy,True,2.8284271247461903,2.8284271247461903,3,0.015900000107649248,True,True
0.2,101,astar,True,2.8284271247461903,2.8284271247461903,3,0.014599999758502236,True,True
0.2,102,bfs,True,5.414213562373095,5.414213562373095,41,0.10740000016085105,True,True
0.2,102,ucs,True,5.414213562373095,5.414213562373095,41,0.21629999992001103,True,True
0.2,102,greedy,True,5.414213562373095,5.414213562373095,6,0.03999999989900971,True,True
0.2,102,astar,True,5.414213562373095,5.414213562373095,10,0.052799999593844404,True,True
0.2,103,bfs,True,5.82842712474619,5.82842712474619,34,0.09230000023308094,True,True
0.2,103,ucs,True,5.82842712474619,5.82842712474619,32,0.16940000023168977,True,True
0.2,103,greedy,True,5.82842712474619,5.82842712474619,6,0.035600000046542846,True,True
0.2,103,astar,True,5.82842712474619,5.82842712474619,8,0.05760000021837186,True,True
0.2,104,bfs,True,11.65685424949238,11.65685424949238,100,0.2706999998736137,True,True
0.2,104,ucs,True,11.65685424949238,11.65685424949238,100,0.5086999999548425,True,True
0.2,104,greedy,True,13.313708498984761,11.65685424949238,11,0.07469999991371878,False,True
0.2,104,astar,True,11.65685424949238,11.65685424949238,24,0.14339999961521244,True,True
0.2,105,bfs,True,8.65685424949238,8.65685424949238,52,0.13870000020688167,True,True
0.2,105,ucs,True,8.65685424949238,8.65685424949238,51,0.26149999985136674,True,True
0.2,105,greedy,True,9.485281374238571,8.65685424949238,8,0.04510000007940107,False,True
0.2,105,astar,True,8.65685424949238,8.65685424949238,11,0.05959999998594867,True,True
0.2,106,bfs,True,12.899494936611665,12.899494936611665,98,0.2555999999458436,True,True
0.2,106,ucs,True,12.899494936611665,12.899494936611665,98,0.4954000000907399,True,True
0.2,106,greedy,True,12.899494936611665,12.899494936611665,11,0.0797999996393628,True,True
0.2,106,astar,True,12.899494936611665,12.899494936611665,26,0.16219999997701962,True,True
0.2,107,bfs,True,8.414213562373096,8.414213562373096,61,0.16289999985019676,True,True
0.2,107,ucs,True,8.414213562373096,8.414213562373096,56,0.29970000014145626,True,True
0.2,107,greedy,True,9.242640687119286,8.414213562373096,9,0.05160000000614673,False,True
0.2,107,astar,True,8.414213562373096,8.414213562373096,15,0.07749999986117473,True,True
0.2,108,bfs,True,12.071067811865476,11.242640687119286,94,0.2440999996906612,False,True
0.2,108,ucs,True,11.242640687119286,11.242640687119286,84,0.41920000012396486,True,True
0.2,108,greedy,True,11.242640687119286,11.242640687119286,11,0.07690000029469957,True,True
0.2,108,astar,True,11.242640687119286,11.242640687119286,23,0.12199999991935329,True,True
0.2,109,bfs,True,12.899494936611665,12.899494936611665,87,0.23009999995338148,True,True
0.2,109,ucs,True,12.899494936611665,12.899494936611665,93,0.45920000002297456,True,True
0.2,109,greedy,True,12.899494936611665,12.899494936611665,11,0.06729999995513936,True,True
0.2,109,astar,True,12.899494936611665,12.899494936611665,27,0.1557999999022286,True,True
0.2,110,bfs,True,7.82842712474619,7.82842712474619,48,0.12730000025840127,True,True
0.2,110,ucs,True,7.82842712474619,7.82842712474619,50,0.262999999904423,True,True
0.2,110,greedy,True,7.82842712474619,7.82842712474619,8,0.042099999973288504,True,True
0.2,110,astar,True,7.82842712474619,7.82842712474619,12,0.06270000039876322,True,True
0.2,111,bfs,True,13.313708498984761,13.313708498984761,101,0.2623000000312459,True,True
0.2,111,ucs,True,13.313708498984761,13.313708498984761,101,0.5176999998184328,True,True
0.2,111,greedy,True,13.313708498984761,13.313708498984761,11,0.08680000019012368,True,True
0.2,111,astar,True,13.313708498984761,13.313708498984761,24,0.16109999978652922,True,True
0.2,112,bfs,True,11.242640687119286,11.242640687119286,76,0.20129999984419555,True,True
0.2,112,ucs,True,11.242640687119286,11.242640687119286,70,0.3443999999035441,True,True
0.2,112,greedy,True,12.071067811865476,11.242640687119286,11,0.07539999978689593,False,True
0.2,112,astar,True,11.242640687119286,11.242640687119286,20,0.1129000002038083,True,True
0.2,113,bfs,True,11.242640687119286,11.242640687119286,68,0.1762000001690467,True,True
0.2,113,ucs,True,11.242640687119286,11.242640687119286,71,0.3606000000218046,True,True
0.2,113,greedy,True,12.899494936611665,11.242640687119286,13,0.08129999969241908,False,True
0.2,113,astar,True,11.242640687119286,11.242640687119286,20,0.11390000008759671,True,True
0.2,114,bfs,True,12.485281374238571,12.485281374238571,91,0.23779999992257217,True,True
0.2,114,ucs,True,12.485281374238571,12.485281374238571,93,0.4521000000750064,True,True
0.2,114,greedy,True,12.485281374238571,12.485281374238571,11,0.07520000008298666,True,True
0.2,114,astar,True,12.485281374238571,12.485281374238571,18,0.1133000000663742,True,True
0.2,115,bfs,True,4.0,4.0,16,0.04379999973025406,True,True
0.2,115,ucs,True,4.0,4.0,15,0.07820000018909923,True,True
0.2,115,greedy,True,4.0,4.0,5,0.022700000045006163,True,True
0.2,115,astar,True,4.0,4.0,5,0.02119999999194988,True,True
0.2,116,bfs,True,12.071067811865476,12.071067811865476,79,0.2082999999402091,True,True
0.2,116,ucs,True,12.071067811865476,12.071067811865476,86,0.43120000009366777,True,True
0.2,116,greedy,True,12.899494936611665,12.071067811865476,11,0.07209999967017211,False,True
0.2,116,astar,True,12.071067811865476,12.071067811865476,19,0.1029000000016822,True,True
0.2,117,bfs,True,11.242640687119286,11.242640687119286,89,0.23540000029242947,True,True
0.2,117,ucs,True,11.242640687119286,11.242640687119286,83,0.42940000003000023,True,True
0.2,117,greedy,True,12.899494936611665,11.242640687119286,11,0.07950000008349889,False,True
0.2,117,astar,True,11.242640687119286,11.242640687119286,23,0.14839999994364916,True,True
0.2,118,bfs,True,7.656854249492381,6.82842712474619,54,0.14580000015484984,False,True
0.2,118,ucs,True,6.82842712474619,6.82842712474619,48,0.2537000000302214,True,True
0.2,118,greedy,True,6.82842712474619,6.82842712474619,7,0.03770000012082164,True,True
0.2,118,astar,True,6.82842712474619,6.82842712474619,9,0.048999999762600055,True,True
0.2,119,bfs,True,6.656854249492381,6.656854249492381,47,0.12760000026901253,True,True
0.2,119,ucs,True,6.656854249492381,6.656854249492381,50,0.25700000014694524,True,True
0.2,119,greedy,True,6.656854249492381,6.656854249492381,6,0.04129999979340937,True,True
0.2,119,astar,True,6.656854249492381,6.656854249492381,6,0.04080000007888884,True,True
0.2,120,bfs,True,7.0,7.0,57,0.20359999962238362,True,True
0.2,120,ucs,True,7.0,7.0,47,0.2506000000721542,True,True
0.2,120,greedy,True,7.0,7.0,8,0.043000000005122274,True,True
0.2,120,astar,True,7.0,7.0,8,0.04179999996267725,True,True
0.2,121,bfs,True,6.82842712474619,6.82842712474619,48,0.2610000001368462,True,True
0.2,121,ucs,True,6.82842712474619,6.82842712474619,44,0.2362999998695159,True,True
0.2,121,greedy,True,7.656854249492381,6.82842712474619,7,0.11629999971773941,False,True
0.2,121,astar,True,6.82842712474619,6.82842712474619,12,0.07079999977577245,True,True
0.2,122,bfs,True,8.485281374238571,8.485281374238571,58,0.15209999992293888,True,True
0.2,122,ucs,True,8.485281374238571,8.485281374238571,63,0.330500000018219,True,True
0.2,122,greedy,True,8.485281374238571,8.485281374238571,7,0.04889999991064542,True,True
0.2,122,astar,True,8.485281374238571,8.485281374238571,7,0.04570000010062358,True,True
0.2,123,bfs,True,8.071067811865476,8.071067811865476,53,0.13619999981528963,True,True
0.2,123,ucs,True,8.071067811865476,8.071067811865476,64,0.3193000002283952,True,True
0.2,123,greedy,True,8.071067811865476,8.071067811865476,7,0.050999999984924216,True,True
0.2,123,astar,True,8.071067811865476,8.071067811865476,11,0.06979999989198404,True,True
0.2,124,bfs,True,11.899494936611665,11.899494936611665,83,0.22099999978308915,True,True
0.2,124,ucs,True,11.899494936611665,11.899494936611665,88,0.43690000029528164,True,True
0.2,124,greedy,True,11.899494936611665,11.899494936611665,10,0.06949999988137279,True,True
0.2,124,astar,True,11.899494936611665,11.899494936611665,16,0.10099999963131268,True,True
0.2,125,bfs,True,6.82842712474619,6.82842712474619,45,0.11900000026798807,True,True
0.2,125,ucs,True,6.82842712474619,6.82842712474619,41,0.21590000005744514,True,True
0.2,125,greedy,True,6.82842712474619,6.82842712474619,7,0.037400000110210385,True,True
0.2,125,astar,True,6.82842712474619,6.82842712474619,7,0.036100000215810724,True,True
0.2,126,bfs,True,8.242640687119286,8.242640687119286,50,0.1314999999522115,True,True
0.2,126,ucs,True,8.242640687119286,8.242640687119286,46,0.26109999998880085,True,True
0.2,126,greedy,True,8.242640687119286,8.242640687119286,8,0.04450000005817856,True,True
0.2,126,astar,True,8.242640687119286,8.242640687119286,11,0.05539999983739108,True,True
0.2,127,bfs,True,6.82842712474619,6.82842712474619,46,0.12210000022605527,True,True
0.2,127,ucs,True,6.82842712474619,6.82842712474619,41,0.2082999999402091,True,True
0.2,127,greedy,True,6.82842712474619,6.82842712474619,7,0.03570000035324483,True,True
0.2,127,astar,True,6.82842712474619,6.82842712474619,9,0.04189999981463188,True,True
0.2,128,bfs,True,11.485281374238571,11.485281374238571,94,0.24669999993420788,True,True
0.2,128,ucs,True,11.485281374238571,11.485281374238571,98,0.5038999997850624,True,True
0.2,128,greedy,True,11.485281374238571,11.485281374238571,10,0.08090000028460054,True,True
0.2,128,astar,True,11.485281374238571,11.485281374238571,24,0.1567000003888097,True,True
0.2,129,bfs,True,9.242640687119286,9.242640687119286,67,0.1799000001483364,True,True
0.2,129,ucs,True,9.242640687119286,9.242640687119286,70,0.3679000001284294,True,True
0.2,129,greedy,True,10.071067811865476,9.242640687119286,9,0.06819999998697313,False,True
0.2,129,astar,True,9.242640687119286,9.242640687119286,11,0.07129999994504033,True,True
0.2,130,bfs,True,11.071067811865476,11.071067811865476,83,0.2179000002797693,True,True
0.2,130,ucs,True,11.071067811865476,11.071067811865476,85,0.43159999995623366,True,True
0.2,130,greedy,True,11.071067811865476,11.071067811865476,10,0.06140000004961621,True,True
0.2,130,astar,True,11.071067811865476,11.071067811865476,23,0.12940000033268007,True,True
0.2,131,bfs,True,12.899494936611665,11.242640687119286,94,0.25129999994533136,False,True
0.2,131,ucs,True,11.242640687119286,11.242640687119286,86,0.444599999809725,True,True
0.2,131,greedy,True,11.242640687119286,11.242640687119286,11,0.07579999964946182,True,True
0.2,131,astar,True,11.242640687119286,11.242640687119286,15,0.09450000015931437,True,True
0.2,132,bfs,True,10.071067811865476,10.071067811865476,72,0.22709999984726892,True,True
0.2,132,ucs,True,10.071067811865476,10.071067811865476,73,0.3640999998424377,True,True
0.2,132,greedy,True,10.071067811865476,10.071067811865476,9,0.06519999988086056,True,True
0.2,132,astar,True,10.071067811865476,10.071067811865476,19,0.11660000018309802,True,True
0.2,133,bfs,True,10.071067811865476,10.071067811865476,71,0.18710000040300656,True,True
0.2,133,ucs,True,10.071067811865476,10.071067811865476,75,0.39170000036392594,True,True
0.2,133,greedy,True,10.071067811865476,10.071067811865476,9,0.055900000006658956,True,True
0.2,133,astar,True,10.071067811865476,10.071067811865476,20,0.10550000024522888,True,True
0.2,134,bfs,True,2.0,2.0,8,0.02029999996011611,True,True
0.2,134,ucs,True,2.0,2.0,7,0.03399999968678458,True,True
0.2,134,greedy,True,2.0,2.0,3,0.01340000017080456,True,True
0.2,134,astar,True,2.0,2.0,3,0.012700000297627412,True,True
0.2,135,bfs,True,10.0,10.0,87,0.22810000018580467,True,True
0.2,135,ucs,True,10.0,10.0,63,0.31630000012228265,True,True
0.2,135,greedy,True,10.0,10.0,11,0.058600000102160266,True,True
0.2,135,astar,True,10.0,10.0,11,0.055499999689345714,True,True
0.2,136,bfs,True,6.82842712474619,6.82842712474619,39,0.10380000003351597,True,True
0.2,136,ucs,True,6.82842712474619,6.82842712474619,42,0.21650000007866765,True,True
0.2,136,greedy,True,6.82842712474619,6.82842712474619,7,0.034700000014709076,True,True
0.2,136,astar,True,6.82842712474619,6.82842712474619,9,0.04400000034365803,True,True
0.2,137,bfs,True,4.242640687119286,4.242640687119286,24,0.06329999996523838,True,True
0.2,137,ucs,True,4.242640687119286,4.242640687119286,24,0.12539999988803174,True,True
0.2,137,greedy,True,4.242640687119286,4.242640687119286,4,0.024699999812582973,True,True
0.2,137,astar,True,4.242640687119286,4.242640687119286,4,0.02369999992879457,True,True
0.2,138,bfs,True,12.485281374238571,11.65685424949238,88,0.23700000019744039,False,True
0.2,138,ucs,True,11.65685424949238,11.65685424949238,88,0.4331999998612446,True,True
0.2,138,greedy,True,11.65685424949238,11.65685424949238,11,0.07240000013553072,True,True
0.2,138,astar,True,11.65685424949238,11.65685424949238,29,0.1661999999669206,True,True
0.2,139,bfs,True,3.414213562373095,3.414213562373095,18,0.046099999963189475,True,True
0.2,139,ucs,True,3.414213562373095,3.414213562373095,17,0.08680000019012368,True,True
0.2,139,greedy,True,3.414213562373095,3.414213562373095,4,0.02569999969637138,True,True
0.2,139,astar,True,3.414213562373095,3.414213562373095,6,0.032500000088475645,True,True
0.2,140,bfs,True,3.8284271247461903,3.8284271247461903,14,0.03880000031131203,True,True
0.2,140,ucs,True,3.8284271247461903,3.8284271247461903,15,0.07749999986117473,True,True
0.2,140,greedy,True,3.8284271247461903,3.8284271247461903,4,0.024199999643315095,True,True
0.2,140,astar,True,3.8284271247461903,3.8284271247461903,4,0.023099999907572055,True,True
0.2,141,bfs,True,10.414213562373096,10.414213562373096,86,0.22779999972044607,True,True
0.2,141,ucs,True,10.414213562373096,10.414213562373096,79,0.41450000026088674,True,True
0.2,141,greedy,True,10.414213562373096,10.414213562373096,11,0.0762999998187297,True,True
0.2,141,astar,True,10.414213562373096,10.414213562373096,12,0.0780000000304426,True,True
0.2,142,bfs,True,4.242640687119286,4.242640687119286,18,0.04709999984697788,True,True
0.2,142,ucs,True,4.242640687119286,4.242640687119286,18,0.08750000006330083,True,True
0.2,142,greedy,True,4.242640687119286,4.242640687119286,4,0.02480000011928496,True,True
0.2,142,astar,True,4.242640687119286,4.242640687119286,4,0.02390000008745119,True,True
0.2,143,bfs,True,4.0,4.0,23,0.05909999981668079,True,True
0.2,143,ucs,True,4.0,4.0,19,0.0936000001274806,True,True
0.2,143,greedy,True,4.0,4.0,5,0.02500000027794158,True,True
0.2,143,astar,True,4.0,4.0,5,0.024200000098062446,True,True
0.2,144,bfs,True,3.0,3.0,20,0.05529999998543644,True,True
0.2,144,ucs,True,3.0,3.0,15,0.08610000031694653,True,True
0.2,144,greedy,True,3.0,3.0,4,0.019500000234984327,True,True
0.2,144,astar,True,3.0,3.0,4,0.01869999960035784,True,True
0.2,145,bfs,True,2.0,2.0,9,0.026499999876250513,True,True
0.2,145,ucs,True,2.0,2.0,8,0.04530000023805769,True,True
0.2,145,greedy,True,2.0,2.0,3,0.015500000245083356,True,True
0.2,145,astar,True,2.0,2.0,3,0.015000000075815478,True,True
0.2,146,bfs,True,12.485281374238571,12.485281374238571,96,0.24849999999787542,True,True
0.2,146,ucs,True,12.485281374238571,12.485281374238571,96,0.4841999998461688,True,True
0.2,146,greedy,True,13.313708498984761,12.485281374238571,11,0.08309999975608662,False,True
0.2,146,astar,True,12.485281374238571,12.485281374238571,26,0.39319999996223487,True,True
0.2,147,bfs,True,5.656854249492381,4.82842712474619,21,0.13629999966724426,False,True
0.2,147,ucs,True,4.82842712474619,4.82842712474619,18,0.19419999989622738,True,True
0.2,147,greedy,True,4.82842712474619,4.82842712474619,5,0.050099999953090446,True,True
0.2,147,astar,True,4.82842712474619,4.82842712474619,5,0.04910000006930204,True,True
0.2,148,bfs,True,12.071067811865476,12.071067811865476,94,0.6120000002738379,True,True
0.2,148,ucs,True,12.071067811865476,12.071067811865476,95,0.8056000001488428,True,True
0.2,148,greedy,True,12.899494936611665,12.071067811865476,11,0.08479999996779952,False,True
0.2,148,astar,True,12.071067811865476,12.071067811865476,34,0.21939999987807823,True,True
0.2,149,bfs,True,10.899494936611665,10.899494936611665,82,0.225499999942258,True,True
0.2,149,ucs,True,10.899494936611665,10.899494936611665,93,0.4908999999315711,True,True
0.2,149,greedy,True,10.899494936611665,10.899494936611665,9,0.06580000035683042,True,True
0.2,149,astar,True,10.899494936611665,10.899494936611665,14,0.09000000000014552,True,True
0.2,150,bfs,True,5.656854249492381,4.82842712474619,27,0.07110000024113106,False,True
0.2,150,ucs,True,4.82842712474619,4.82842712474619,24,0.12019999985568575,True,True
0.2,150,greedy,True,4.82842712474619,4.82842712474619,5,0.028299999939918052,True,True
0.2,150,astar,True,4.82842712474619,4.82842712474619,6,0.032500000088475645,True,True
0.2,151,bfs,True,11.313708498984761,10.485281374238571,70,0.1876000001175271,False,True
0.2,151,ucs,True,10.485281374238571,10.485281374238571,74,0.3596999999899708,True,True
0.2,151,greedy,True,10.485281374238571,10.485281374238571,9,0.06200000007083872,True,True
0.2,151,astar,True,10.485281374238571,10.485281374238571,14,0.08299999990413198,True,True
0.2,152,bfs,True,14.485281374238571,14.485281374238571,92,0.24129999974320526,True,True
0.2,152,ucs,True,14.485281374238571,14.485281374238571,92,0.44720000005327165,True,True
0.2,152,greedy,True,14.485281374238571,14.485281374238571,15,0.09039999986271141,True,True
0.2,152,astar,True,14.485281374238571,14.485281374238571,39,0.23540000029242947,True,True
0.2,153,bfs,True,13.071067811865476,13.071067811865476,90,0.23620000001756125,True,True
0.2,153,ucs,True,13.071067811865476,13.071067811865476,90,0.45229999977891566,True,True
0.2,153,greedy,True,13.071067811865476,13.071067811865476,12,0.06940000002941815,True,True
0.2,153,astar,True,13.071067811865476,13.071067811865476,27,0.1428999999006919,True,True
0.2,154,bfs,True,2.0,2.0,10,0.026000000161729986,True,True
0.2,154,ucs,True,2.0,2.0,8,0.039399999877787195,True,True
0.2,154,greedy,True,2.0,2.0,3,0.014100000043981709,True,True
0.2,154,astar,True,2.0,2.0,3,0.01340000017080456,True,True
0.2,155,bfs,True,11.242640687119286,11.242640687119286,76,0.20260000019334257,True,True
0.2,155,ucs,True,11.242640687119286,11.242640687119286,71,0.37429999974847306,True,True
0.2,155,greedy,True,12.071067811865476,11.242640687119286,11,0.0774000000092201,False,True
0.2,155,astar,True,11.242640687119286,11.242640687119286,17,0.10720000000219443,True,True
0.2,156,bfs,True,10.485281374238571,10.485281374238571,80,0.20949999998265412,True,True
0.2,156,ucs,True,10.485281374238571,10.485281374238571,85,0.42690000009315554,True,True
0.2,156,greedy,True,10.485281374238571,10.485281374238571,9,0.06429999984902679,True,True
0.2,156,astar,True,10.485281374238571,10.485281374238571,19,0.12149999975008541,True,True
0.2,157,bfs,True,7.656854249492381,7.656854249492381,61,0.1648000002205663,True,True
0.2,157,ucs,True,7.656854249492381,7.656854249492381,62,0.3245000002607412,True,True
0.2,157,greedy,True,7.656854249492381,7.656854249492381,7,0.052099999720667256,True,True
0.2,157,astar,True,7.656854249492381,7.656854249492381,10,0.06970000004002941,True,True
0.2,158,bfs,True,13.071067811865476,13.071067811865476,99,0.2596999997876992,True,True
0.2,158,ucs,True,13.071067811865476,13.071067811865476,99,0.501800000165531,True,True
0.2,158,greedy,True,14.727922061357857,13.071067811865476,13,0.08549999984097667,False,True
0.2,158,astar,True,13.071067811865476,13.071067811865476,31,0.1930000003085297,True,True
0.2,159,bfs,True,3.0,3.0,10,0.02610000001368462,True,True
0.2,159,ucs,True,3.0,3.0,10,0.048800000058690784,True,True
0.2,159,greedy,True,3.0,3.0,4,0.01810000003388268,True,True
0.2,159,astar,True,3.0,3.0,4,0.017500000012660166,True,True
0.2,160,bfs,True,1.0,1.0,4,0.010600000223348616,True,True
0.2,160,ucs,True,1.0,1.0,4,0.021800000013172394,True,True
0.2,160,greedy,True,1.0,1.0,2,0.008600000001024455,True,True
0.2,160,astar,True,1.0,1.0,2,0.008100000286503928,True,True
0.2,161,bfs,True,8.242640687119286,8.242640687119286,57,0.15080000002853922,True,True
0.2,161,ucs,True,8.242640687119286,8.242640687119286,56,0.29489999997167615,True,True
0.2,161,greedy,True,8.242640687119286,8.242640687119286,8,0.0442000000475673,True,True
0.2,161,astar,True,8.242640687119286,8.242640687119286,11,0.056800000038492726,True,True
0.2,162,bfs,True,4.82842712474619,4.82842712474619,31,0.0814999998510757,True,True
0.2,162,ucs,True,4.82842712474619,4.82842712474619,31,0.16999999979816494,True,True
0.2,162,greedy,True,4.82842712474619,4.82842712474619,5,0.028299999939918052,True,True
0.2,162,astar,True,4.82842712474619,4.82842712474619,7,0.03820000029008952,True,True
0.2,163,bfs,True,3.0,3.0,15,0.039199999719130574,True,True
0.2,163,ucs,True,3.0,3.0,12,0.06320000011328375,True,True
0.2,163,greedy,True,3.0,3.0,4,0.019500000234984327,True,True
0.2,163,astar,True,3.0,3.0,4,0.018899999759014463,True,True
0.2,164,bfs,True,11.071067811865476,11.071067811865476,83,0.21950000018478022,True,True
0.2,164,ucs,True,11.071067811865476,11.071067811865476,80,0.41800000008151983,True,True
0.2,164,greedy,True,11.071067811865476,11.071067811865476,10,0.0749000000723754,True,True
0.2,164,astar,True,11.071067811865476,11.071067811865476,25,0.14850000025035115,True,True
0.2,165,bfs,True,10.485281374238571,10.485281374238571,80,0.2140999999937776,True,True
0.2,165,ucs,True,10.485281374238571,10.485281374238571,87,0.4647000000659318,True,True
0.2,165,greedy,True,10.485281374238571,10.485281374238571,9,0.062399999933404615,True,True
0.2,165,astar,True,10.485281374238571,10.485281374238571,30,0.17530000013721292,True,True
0.2,166,bfs,True,9.414213562373096,9.414213562373096,75,0.19990000009784126,True,True
0.2,166,ucs,True,9.414213562373096,9.414213562373096,66,0.34589999995660037,True,True
0.2,166,greedy,True,9.414213562373096,9.414213562373096,10,0.0679999998283165,True,True
0.2,166,astar,True,9.414213562373096,9.414213562373096,15,0.08560000014767866,True,True
0.2,167,bfs,True,1.0,1.0,4,0.011000000085914508,True,True
0.2,167,ucs,True,1.0,1.0,4,0.02519999998185085,True,True
0.2,167,greedy,True,1.0,1.0,2,0.010199999906035373,True,True
0.2,167,astar,True,1.0,1.0,2,0.009800000043469481,True,True
0.2,168,bfs,True,7.0710678118654755,6.82842712474619,47,0.16179999965970637,False,True
0.2,168,ucs,True,6.82842712474619,6.82842712474619,47,0.24009999970076024,True,True
0.2,168,greedy,True,7.0710678118654755,6.82842712474619,6,0.04170000011072261,False,True
0.2,168,astar,True,6.82842712474619,6.82842712474619,14,0.07479999976567342,True,True
0.2,169,bfs,True,11.65685424949238,11.65685424949238,83,0.37539999993896345,True,True
0.2,169,ucs,True,11.65685424949238,11.65685424949238,82,0.9394000003339897,True,True
0.2,169,greedy,True,11.65685424949238,11.65685424949238,11,0.14259999989008065,True,True
0.2,169,astar,True,11.65685424949238,11.65685424949238,29,0.1932999998643936,True,True
0.2,170,bfs,True,11.65685424949238,11.65685424949238,92,0.2426999999443069,True,True
0.2,170,ucs,True,11.65685424949238,11.65685424949238,92,0.4756000002998917,True,True
0.2,170,greedy,True,12.485281374238571,11.65685424949238,11,0.07980000009411015,False,True
0.2,170,astar,True,11.65685424949238,11.65685424949238,21,0.136099999963335,True,True
0.2,171,bfs,True,9.071067811865476,9.071067811865476,64,0.16660000028423383,True,True
0.2,171,ucs,True,9.071067811865476,9.071067811865476,65,0.3361999997650855,True,True
0.2,171,greedy,True,9.071067811865476,9.071067811865476,8,0.05300000020724838,True,True
0.2,171,astar,True,9.071067811865476,9.071067811865476,15,0.08539999998902204,True,True
0.2,172,bfs,True,11.242640687119286,11.242640687119286,91,0.2675999999155465,True,True
0.2,172,ucs,True,11.242640687119286,11.242640687119286,90,0.5131000002620567,True,True
0.2,172,greedy,True,12.899494936611665,11.242640687119286,11,0.08019999995667604,False,True
0.2,172,astar,True,11.242640687119286,11.242640687119286,20,0.1291000003220688,True,True
0.2,173,bfs,True,9.485281374238571,9.485281374238571,71,0.1907000000755943,True,True
0.2,173,ucs,True,9.485281374238571,9.485281374238571,75,0.392800000099669,True,True
0.2,173,greedy,True,9.485281374238571,9.485281374238571,8,0.06979999989198404,True,True
0.2,173,astar,True,9.485281374238571,9.485281374238571,13,0.09020000015880214,True,True
0.2,174,bfs,True,6.656854249492381,6.656854249492381,46,0.12010000000373111,True,True
0.2,174,ucs,True,6.656854249492381,6.656854249492381,54,0.28100000008635106,True,True
0.2,174,greedy,True,6.656854249492381,6.656854249492381,6,0.04689999968832126,True,True
0.2,174,astar,True,6.656854249492381,6.656854249492381,7,0.049900000249181176,True,True
0.2,175,bfs,True,10.82842712474619,10.82842712474619,94,0.2478999999766529,True,True
0.2,175,ucs,True,10.82842712474619,10.82842712474619,90,0.473000000056345,True,True
0.2,175,greedy,True,11.65685424949238,10.82842712474619,11,0.0749000000723754,False,True
0.2,175,astar,True,10.82842712474619,10.82842712474619,19,0.11709999989761855,True,True
0.2,176,bfs,True,9.82842712474619,9.82842712474619,84,0.2248999999210355,True,True
0.2,176,ucs,True,9.82842712474619,9.82842712474619,80,0.43679999998857966,True,True
0.2,176,greedy,True,10.65685424949238,9.82842712474619,10,0.05980000014460529,False,True
0.2,176,astar,True,9.82842712474619,9.82842712474619,18,0.10629999997036066,True,True
0.2,177,bfs,True,10.65685424949238,10.65685424949238,79,0.21250000008876668,True,True
0.2,177,ucs,True,10.65685424949238,10.65685424949238,82,0.439399999777379,True,True
0.2,177,greedy,True,10.65685424949238,10.65685424949238,10,0.07630000027347705,True,True
0.2,177,astar,True,10.65685424949238,10.65685424949238,25,0.15149999990171636,True,True
0.2,178,bfs,True,2.8284271247461903,2.8284271247461903,11,0.030199999855540227,True,True
0.2,178,ucs,True,2.8284271247461903,2.8284271247461903,11,0.055499999689345714,True,True
0.2,178,greedy,True,2.8284271247461903,2.8284271247461903,3,0.019800000245595584,True,True
0.2,178,astar,True,2.8284271247461903,2.8284271247461903,3,0.019099999917671084,True,True
0.2,179,bfs,True,5.0,5.0,32,0.0884000000951346,True,True
0.2,179,ucs,True,5.0,5.0,30,0.16969999978755368,True,True
0.2,179,greedy,True,5.0,5.0,6,0.02949999998236308,True,True
0.2,179,astar,True,5.0,5.0,6,0.028399999791872688,True,True
0.2,180,bfs,True,12.071067811865476,11.242640687119286,91,0.2376000002186629,False,True
0.2,180,ucs,True,11.242640687119286,11.242640687119286,88,0.4482999997890147,True,True
0.2,180,greedy,True,12.899494936611665,11.242640687119286,11,0.07690000029469957,False,True
0.2,180,astar,True,11.242640687119286,11.242640687119286,22,0.13790000002700253,True,True
0.2,181,bfs,True,4.82842712474619,4.82842712474619,21,0.05809999993289239,True,True
0.2,181,ucs,True,4.82842712474619,4.82842712474619,19,0.10279999969498022,True,True
0.2,181,greedy,True,4.82842712474619,4.82842712474619,5,0.02410000024610781,True,True
0.2,181,astar,True,4.82842712474619,4.82842712474619,6,0.028500000098574674,True,True
0.2,182,bfs,True,7.82842712474619,7.82842712474619,58,0.15459999985978357,True,True
0.2,182,ucs,True,7.82842712474619,7.82842712474619,59,0.3019000000676897,True,True
0.2,182,greedy,True,7.82842712474619,7.82842712474619,8,0.044999999772699084,True,True
0.2,182,astar,True,7.82842712474619,7.82842712474619,11,0.05740000005971524,True,True
0.2,183,bfs,True,5.414213562373095,5.414213562373095,46,0.12610000021595624,True,True
0.2,183,ucs,True,5.414213562373095,5.414213562373095,36,0.20069999982297304,True,True
0.2,183,greedy,True,5.414213562373095,5.414213562373095,6,0.038099999983387534,True,True
0.2,183,astar,True,5.414213562373095,5.414213562373095,9,0.04740000031233649,True,True
0.2,184,bfs,True,10.82842712474619,10.82842712474619,72,0.19239999983255984,True,True
0.2,184,ucs,True,10.82842712474619,10.82842712474619,68,0.36030000001119333,True,True
0.2,184,greedy,True,11.65685424949238,10.82842712474619,11,0.0629000001026725,False,True
0.2,184,astar,True,10.82842712474619,10.82842712474619,14,0.07570000025225454,True,True
0.2,185,bfs,True,12.242640687119286,12.242640687119286,93,0.2448000000185857,True,True
0.2,185,ucs,True,12.242640687119286,12.242640687119286,93,0.4799000003004039,True,True
0.2,185,greedy,True,12.242640687119286,12.242640687119286,12,0.07349999987127376,True,True
0.2,185,astar,True,12.242640687119286,12.242640687119286,20,0.11850000009872019,True,True
0.2,186,bfs,True,7.656854249492381,7.656854249492381,51,0.1337000003331923,True,True
0.2,186,ucs,True,7.656854249492381,7.656854249492381,58,0.2967000000353437,True,True
0.2,186,greedy,True,7.656854249492381,7.656854249492381,7,0.04439999975147657,True,True
0.2,186,astar,True,7.656854249492381,7.656854249492381,9,0.060600000324484427,True,True
0.2,187,bfs,True,3.0,3.0,22,0.060599999869737076,True,True
0.2,187,ucs,True,3.0,3.0,15,0.08260000004156609,True,True
0.2,187,greedy,True,3.0,3.0,4,0.019999999949504854,True,True
0.2,187,astar,True,3.0,3.0,4,0.019600000086938962,True,True
0.2,188,bfs,True,10.899494936611665,10.899494936611665,71,0.1830000001064036,True,True
0.2,188,ucs,True,10.899494936611665,10.899494936611665,80,0.400400000216905,True,True
0.2,188,greedy,True,10.899494936611665,10.899494936611665,9,0.07260000029418734,True,True
0.2,188,astar,True,10.899494936611665,10.899494936611665,16,0.11549999999260763,True,True
0.2,189,bfs,True,9.485281374238571,9.485281374238571,63,0.16529999993508682,True,True
0.2,189,ucs,True,9.485281374238571,9.485281374238571,72,0.3544999999576248,True,True
0.2,189,greedy,True,9.485281374238571,9.485281374238571,8,0.05160000000614673,True,True
0.2,189,astar,True,9.485281374238571,9.485281374238571,12,0.06749999965904863,True,True
0.2,190,bfs,True,2.0,2.0,5,0.01250000013897079,True,True
0.2,190,ucs,True,2.0,2.0,5,0.02320000021427404,True,True
0.2,190,greedy,True,2.0,2.0,3,0.013299999864102574,True,True
0.2,190,astar,True,2.0,2.0,3,0.013100000160193304,True,True
0.2,191,bfs,True,12.485281374238571,12.485281374238571,90,0.23759999976391555,True,True
0.2,191,ucs,True,12.485281374238571,12.485281374238571,91,0.4450000001270382,True,True
0.2,191,greedy,True,13.313708498984761,12.485281374238571,11,0.06900000016685226,False,True
0.2,191,astar,True,12.485281374238571,12.485281374238571,25,0.14819999978499254,True,True
0.2,192,bfs,True,12.899494936611665,12.899494936611665,91,0.49080000007961644,True,True
0.2,192,ucs,True,12.899494936611665,12.899494936611665,91,0.5375999999159831,True,True
0.2,192,greedy,True,12.899494936611665,12.899494936611665,11,0.07450000020980951,True,True
0.2,192,astar,True,12.899494936611665,12.899494936611665,19,0.12169999990874203,True,True
0.2,193,bfs,True,1.0,1.0,3,0.008900000011635711,True,True
0.2,193,ucs,True,1.0,1.0,3,0.015700000403739978,True,True
0.2,193,greedy,True,1.0,1.0,2,0.008199999683711212,True,True
0.2,193,astar,True,1.0,1.0,2,0.0073999999585794285,True,True
0.2,194,bfs,True,11.65685424949238,11.65685424949238,92,0.24279999979626155,True,True
0.2,194,ucs,True,11.65685424949238,11.65685424949238,88,0.4523999996308703,True,True
0.2,194,greedy,True,11.65685424949238,11.65685424949238,11,0.07550000009359792,True,True
0.2,194,astar,True,11.65685424949238,11.65685424949238,33,0.19990000009784126,True,True
0.2,195,bfs,True,3.0,3.0,9,0.02370000038354192,True,True
0.2,195,ucs,True,3.0,3.0,9,0.04350000017439015,True,True
0.2,195,greedy,True,3.0,3.0,4,0.01629999997021514,True,True
0.2,195,astar,True,3.0,3.0,4,0.015500000245083356,True,True
0.2,196,bfs,True,11.65685424949238,11.65685424949238,94,0.25479999976596446,True,True
0.2,196,ucs,True,11.65685424949238,11.65685424949238,92,0.4722999997284205,True,True
0.2,196,greedy,True,11.65685424949238,11.65685424949238,11,0.062400000388151966,True,True
0.2,196,astar,True,11.65685424949238,11.65685424949238,22,0.1173999999082298,True,True
0.2,197,bfs,True,11.242640687119286,11.242640687119286,99,0.2696999999898253,True,True
0.2,197,ucs,True,11.242640687119286,11.242640687119286,96,0.6192999999257154,True,True
0.2,197,greedy,True,11.242640687119286,11.242640687119286,11,0.0835999999253545,True,True
0.2,197,astar,True,11.242640687119286,11.242640687119286,16,0.11170000016136328,True,True
0.2,198,bfs,True,8.0,8.0,52,0.14370000008057104,True,True
0.2,198,ucs,True,8.0,8.0,42,0.21550000019487925,True,True
0.2,198,greedy,True,8.0,8.0,9,0.04639999997380073,True,True
0.2,198,astar,True,8.0,8.0,9,0.045000000227446435,True,True
0.2,199,bfs,True,10.485281374238571,9.65685424949238,71,0.1884999996946135,False,True
0.2,199,ucs,True,9.65685424949238,9.65685424949238,63,0.33750000011423253,True,True
0.2,199,greedy,True,10.485281374238571,9.65685424949238,9,0.05429999964690069,False,True
0.2,199,astar,True,9.65685424949238,9.65685424949238,13,0.0735999997232284,True,True
0.3,0,bfs,True,8.071067811865476,8.071067811865476,53,0.13710000030187075,True,True
0.3,0,ucs,True,8.071067811865476,8.071067811865476,56,0.26440000010552467,True,True
0.3,0,greedy,True,8.071067811865476,8.071067811865476,7,0.044999999772699084,True,True
0.3,0,astar,True,8.071067811865476,8.071067811865476,7,0.0434999997196428,True,True
0.3,1,bfs,True,1.4142135623730951,1.4142135623730951,3,0.007300000106624793,True,True
0.3,1,ucs,True,1.4142135623730951,1.4142135623730951,3,0.010900000233959872,True,True
0.3,1,greedy,True,1.4142135623730951,1.4142135623730951,2,0.0069000002440589014,True,True
0.3,1,astar,True,1.4142135623730951,1.4142135623730951,2,0.006499999926745659,True,True
0.3,2,bfs,True,11.242640687119286,11.242640687119286,86,0.2293000002282497,True,True
0.3,2,ucs,True,11.242640687119286,11.242640687119286,88,0.42750000011437805,True,True
0.3,2,greedy,True,11.242640687119286,11.242640687119286,11,0.0731999998606625,True,True
0.3,2,astar,True,11.242640687119286,11.242640687119286,24,0.13870000020688167,True,True
0.3,3,bfs,True,12.071067811865476,11.242640687119286,77,0.20229999972798396,False,True
0.3,3,ucs,True,11.242640687119286,11.242640687119286,75,0.3643000000010943,True,True
0.3,3,greedy,True,12.071067811865476,11.242640687119286,11,0.06759999996575061,False,True
0.3,3,astar,True,11.242640687119286,11.242640687119286,27,0.15229999962684815,True,True
0.3,4,bfs,True,6.242640687119286,6.242640687119286,32,0.0832000000627886,True,True
0.3,4,ucs,True,6.242640687119286,6.242640687119286,28,0.14110000029177172,True,True
0.3,4,greedy,True,6.242640687119286,6.242640687119286,6,0.031099999887373997,True,True
0.3,4,astar,True,6.242640687119286,6.242640687119286,7,0.035600000046542846,True,True
0.3,5,bfs,True,14.65685424949238,14.65685424949238,83,0.2199000000473461,True,True
0.3,5,ucs,True,14.65685424949238,14.65685424949238,83,0.3951000003326044,True,True
0.3,5,greedy,True,15.485281374238571,14.65685424949238,14,0.08609999986219918,False,True
0.3,5,astar,True,14.65685424949238,14.65685424949238,46,0.2438000001347973,True,True
0.3,6,bfs,True,5.242640687119286,5.242640687119286,18,0.04750000016429112,True,True
0.3,6,ucs,True,5.242640687119286,5.242640687119286,18,0.08729999990464421,True,True
0.3,6,greedy,True,5.242640687119286,5.242640687119286,5,0.02880000010918593,True,True
0.3,6,astar,True,5.242640687119286,5.242640687119286,6,0.03130000004603062,True,True
0.3,7,bfs,True,2.8284271247461903,2.8284271247461903,5,0.013300000318849925,True,True
0.3,7,ucs,True,2.8284271247461903,2.8284271247461903,5,0.026199999865639256,True,True
0.3,7,greedy,True,2.8284271247461903,2.8284271247461903,3,0.01160000010713702,True,True
0.3,7,astar,True,2.8284271247461903,2.8284271247461903,3,0.011099999937869143,True,True
0.3,8,bfs,True,4.242640687119286,4.242640687119286,16,0.0411000000895001,True,True
0.3,8,ucs,True,4.242640687119286,4.242640687119286,16,0.07430000005115289,True,True
0.3,8,greedy,True,4.242640687119286,4.242640687119286,4,0.021099999685247894,True,True
0.3,8,astar,True,4.242640687119286,4.242640687119286,4,0.02080000012938399,True,True
0.3,9,bfs,True,4.82842712474619,4.82842712474619,19,0.05180000016480335,True,True
0.3,9,ucs,True,4.82842712474619,4.82842712474619,21,0.13690000014321413,True,True
0.3,9,greedy,True,4.82842712474619,4.82842712474619,5,0.02610000001368462,True,True
0.3,9,astar,True,4.82842712474619,4.82842712474619,7,0.03420000030018855,True,True
0.3,10,bfs,True,12.485281374238571,12.242640687119286,79,0.20249999988664058,False,True
0.3,10,ucs,True,12.242640687119286,12.242640687119286,79,0.3718000002663757,True,True
0.3,10,greedy,True,12.485281374238571,12.242640687119286,13,0.08309999975608662,False,True
0.3,10,astar,True,12.242640687119286,12.242640687119286,28,0.1654000002417888,True,True
0.3,11,bfs,True,4.82842712474619,4.82842712474619,20,0.05220000002736924,True,True
0.3,11,ucs,True,4.82842712474619,4.82842712474619,20,0.09730000010677031,True,True
0.3,11,greedy,True,4.82842712474619,4.82842712474619,5,0.027799999770650174,True,True
0.3,11,astar,True,4.82842712474619,4.82842712474619,5,0.0266000001829525,True,True
0.3,12,bfs,True,7.656854249492381,7.656854249492381,46,0.12010000000373111,True,True
0.3,12,ucs,True,7.656854249492381,7.656854249492381,53,0.2623999998832005,True,True
0.3,12,greedy,True,7.656854249492381,7.656854249492381,8,0.045000000227446435,True,True
0.3,12,astar,True,7.656854249492381,7.656854249492381,10,0.0525000000379805,True,True
0.3,13,bfs,True,11.65685424949238,11.65685424949238,68,0.18290000025444897,True,True
0.3,13,ucs,True,11.65685424949238,11.65685424949238,64,0.3057999997508887,True,True
0.3,13,greedy,True,12.485281374238571,11.65685424949238,16,0.09000000000014552,False,True
0.3,13,astar,True,11.65685424949238,11.65685424949238,23,0.11790000007749768,True,True
0.3,14,bfs,True,7.242640687119286,7.242640687119286,36,0.09490000002188026,True,True
0.3,14,ucs,True,7.242640687119286,7.242640687119286,37,0.18679999993764795,True,True
0.3,14,greedy,True,7.242640687119286,7.242640687119286,7,0.041599999804020626,True,True
0.3,14,astar,True,7.242640687119286,7.242640687119286,12,0.06510000002890592,True,True
0.3,15,bfs,True,6.0,6.0,26,0.06780000012440723,True,True
0.3,15,ucs,True,6.0,6.0,23,0.11420000009820797,True,True
0.3,15,greedy,True,6.0,6.0,7,0.0328000000990869,True,True
0.3,15,astar,True,6.0,6.0,7,0.03199999991920777,True,True
0.3,16,bfs,True,10.242640687119286,10.242640687119286,77,0.19780000002356246,True,True
0.3,16,ucs,True,10.242640687119286,10.242640687119286,69,0.33329999996567494,True,True
0.3,16,greedy,True,11.071067811865476,10.242640687119286,13,0.06849999999758438,False,True
0.3,16,astar,True,10.242640687119286,10.242640687119286,18,0.09240000008503557,True,True
0.3,17,bfs,True,10.242640687119286,10.242640687119286,62,0.15910000001895241,True,True
0.3,17,ucs,True,10.242640687119286,10.242640687119286,59,0.2779999999802385,True,True
0.3,17,greedy,True,11.071067811865476,10.242640687119286,10,0.05499999997482519,False,True
0.3,17,astar,True,10.242640687119286,10.242640687119286,15,0.07530000038968865,True,True
0.3,18,bfs,False,,,1,0.0038999996831989847,False,False
0.3,18,ucs,False,,,1,0.004500000159168849,False,False
0.3,18,greedy,False,,,1,0.0039000001379463356,False,False
0.3,18,astar,False,,,1,0.0032999996619764715,False,False
0.3,19,bfs,True,10.242640687119286,10.242640687119286,62,0.16090000008261995,True,True
0.3,19,ucs,True,10.242640687119286,10.242640687119286,67,0.32039999996413826,True,True
0.3,19,greedy,True,11.899494936611665,10.242640687119286,10,0.0638999999864609,False,True
0.3,19,astar,True,10.242640687119286,10.242640687119286,25,0.1343999997516221,True,True
0.3,20,bfs,True,6.242640687119286,6.242640687119286,40,0.10149999980058055,True,True
0.3,20,ucs,True,6.242640687119286,6.242640687119286,38,0.1806999998734682,True,True
0.3,20,greedy,True,6.242640687119286,6.242640687119286,6,0.03710000009959913,True,True
0.3,20,astar,True,6.242640687119286,6.242640687119286,7,0.040300000364368316,True,True
0.3,21,bfs,True,1.0,1.0,3,0.007500000265281415,True,True
0.3,21,ucs,True,1.0,1.0,3,0.014999999621068127,True,True
0.3,21,greedy,True,1.0,1.0,2,0.00869999985297909,True,True
0.3,21,astar,True,1.0,1.0,2,0.008299999990413198,True,True
0.3,22,bfs,True,11.071067811865476,11.071067811865476,66,0.4920999999740161,True,True
0.3,22,ucs,True,11.071067811865476,11.071067811865476,67,1.1604999999690335,True,True
0.3,22,greedy,True,11.899494936611665,11.071067811865476,10,0.2903999998125073,False,True
0.3,22,astar,True,11.071067811865476,11.071067811865476,20,0.42739999980767607,True,True
0.3,23,bfs,True,3.8284271247461903,3.8284271247461903,17,0.14789999977438129,True,True
0.3,23,ucs,True,3.8284271247461903,3.8284271247461903,17,0.18989999989571515,True,True
0.3,23,greedy,True,3.8284271247461903,3.8284271247461903,4,0.025299999833805487,True,True
0.3,23,astar,True,3.8284271247461903,3.8284271247461903,4,0.02500000027794158,True,True
0.3,24,bfs,True,7.242640687119286,7.242640687119286,41,0.11239999957979308,True,True
0.3,24,ucs,True,7.242640687119286,7.242640687119286,46,0.21729999980379944,True,True
0.3,24,greedy,True,7.242640687119286,7.242640687119286,7,0.041199999941454735,True,True
0.3,24,astar,True,7.242640687119286,7.242640687119286,10,0.052999999752501026,True,True
0.3,25,bfs,True,3.0,3.0,8,0.019500000234984327,True,True
0.3,25,ucs,True,3.0,3.0,8,0.03310000010969816,True,True
0.3,25,greedy,True,3.0,3.0,4,0.01740000016070553,True,True
0.3,25,astar,True,3.0,3.0,4,0.016599999980826396,True,True
0.3,26,bfs,True,13.899494936611665,13.899494936611665,76,0.1936999997269595,True,True
0.3,26,ucs,True,13.899494936611665,13.899494936611665,77,0.36670000008598436,True,True
0.3,26,greedy,True,13.899494936611665,13.899494936611665,15,0.0884000000951346,True,True
0.3,26,astar,True,13.899494936611665,13.899494936611665,48,0.34589999995660037,True,True
0.3,27,bfs,True,3.8284271247461903,3.8284271247461903,10,0.06549999989147182,True,True
0.3,27,ucs,True,3.8284271247461903,3.8284271247461903,11,0.10359999987485935,True,True
0.3,27,greedy,True,3.8284271247461903,3.8284271247461903,4,0.041000000237545464,True,True
0.3,27,astar,True,3.8284271247461903,3.8284271247461903,4,0.03990000004705507,True,True
0.3,28,bfs,True,5.82842712474619,5.82842712474619,36,0.23420000024998444,True,True
0.3,28,ucs,True,5.82842712474619,5.82842712474619,36,0.18099999988407944,True,True
0.3,28,greedy,True,5.82842712474619,5.82842712474619,6,0.033400000120309414,True,True
0.3,28,astar,True,5.82842712474619,5.82842712474619,9,0.04849999959333218,True,True
0.3,29,bfs,True,12.071067811865476,12.071067811865476,85,0.24880000000848668,True,True
0.3,29,ucs,True,12.071067811865476,12.071067811865476,87,0.4380999998829793,True,True
0.3,29,greedy,True,12.071067811865476,12.071067811865476,11,0.07679999998799758,True,True
0.3,29,astar,True,12.071067811865476,12.071067811865476,33,0.20049999966431642,True,True
0.3,30,bfs,True,13.071067811865476,13.071067811865476,81,0.2085000000988657,True,True
0.3,30,ucs,True,13.071067811865476,13.071067811865476,81,0.39199999991978984,True,True
0.3,30,greedy,True,16.14213562373095,13.071067811865476,13,0.08590000015828991,False,True
0.3,30,astar,True,13.071067811865476,13.071067811865476,31,0.17799999977796688,True,True
0.3,31,bfs,True,13.899494936611665,13.899494936611665,84,0.22269999999480206,True,True
0.3,31,ucs,True,13.899494936611665,13.899494936611665,84,0.39779999997335835,True,True
0.3,31,greedy,True,13.899494936611665,13.899494936611665,12,0.07360000017797574,True,True
0.3,31,astar,True,13.899494936611665,13.899494936611665,19,0.11069999982282752,True,True
0.3,32,bfs,True,10.65685424949238,10.65685424949238,70,0.1843999998527579,True,True
0.3,32,ucs,True,10.65685424949238,10.65685424949238,70,0.3483000000414904,True,True
0.3,32,greedy,True,11.485281374238571,10.65685424949238,11,0.07520000008298666,False,True
0.3,32,astar,True,10.65685424949238,10.65685424949238,18,0.10359999987485935,True,True
0.3,33,bfs,True,14.727922061357857,14.727922061357857,92,0.23980000014489633,True,True
0.3,33,ucs,True,14.727922061357857,14.727922061357857,92,0.456199999916862,True,True
0.3,33,greedy,True,14.727922061357857,14.727922061357857,12,0.0804999999672873,True,True
0.3,33,astar,True,14.727922061357857,14.727922061357857,20,0.11929999982385198,True,True
0.3,34,bfs,True,4.0,4.0,17,0.045199999931355705,True,True
0.3,34,ucs,True,4.0,4.0,15,0.0745999996070168,True,True
0.3,34,greedy,True,4.0,4.0,5,0.023600000076839933,True,True
0.3,34,astar,True,4.0,4.0,5,0.023100000362319406,True,True
0.3,35,bfs,True,13.485281374238571,13.485281374238571,77,0.19790000033026445,True,True
0.3,35,ucs,True,13.485281374238571,13.485281374238571,77,0.3799000000981323,True,True
0.3,35,greedy,True,14.313708498984761,13.485281374238571,12,0.07460000006176415,False,True
0.3,35,astar,True,13.485281374238571,13.485281374238571,23,0.12619999961316353,True,True
0.3,36,bfs,True,3.8284271247461903,3.8284271247461903,8,0.022200000330485636,True,True
0.3,36,ucs,True,3.8284271247461903,3.8284271247461903,8,0.04160000025876798,True,True
0.3,36,greedy,True,3.8284271247461903,3.8284271247461903,4,0.017300000308750896,True,True
0.3,36,astar,True,3.8284271247461903,3.8284271247461903,5,0.021800000013172394,True,True
0.3,37,bfs,True,2.0,2.0,6,0.01669999983278103,True,True
0.3,37,ucs,True,2.0,2.0,6,0.034899999718618346,True,True
0.3,37,greedy,True,2.0,2.0,3,0.0152000002344721,True,True
0.3,37,astar,True,2.0,2.0,3,0.014299999747890979,True,True
0.3,38,bfs,True,8.65685424949238,8.65685424949238,47,0.12299999980314169,True,True
0.3,38,ucs,True,8.65685424949238,8.65685424949238,49,0.24389999998675194,True,True
0.3,38,greedy,True,9.485281374238571,8.65685424949238,8,0.05490000012287055,False,True
0.3,38,astar,True,8.65685424949238,8.65685424949238,11,0.07090000008247443,True,True
0.3,39,bfs,True,8.65685424949238,8.65685424949238,28,0.07099999993442907,True,True
0.3,39,ucs,True,8.65685424949238,8.65685424949238,30,0.13790000002700253,True,True
0.3,39,greedy,True,8.65685424949238,8.65685424949238,9,0.04089999993084348,True,True
0.3,39,astar,True,8.65685424949238,8.65685424949238,11,0.04850000004807953,True,True
0.3,40,bfs,True,4.82842712474619,4.82842712474619,15,0.03950000018448918,True,True
0.3,40,ucs,True,4.82842712474619,4.82842712474619,16,0.07890000006227638,True,True
0.3,40,greedy,True,4.82842712474619,4.82842712474619,5,0.026899999738816405,True,True
0.3,40,astar,True,4.82842712474619,4.82842712474619,7,0.03499999957057298,True,True
0.3,41,bfs,True,10.071067811865476,9.242640687119286,59,0.15299999995477265,False,True
0.3,41,ucs,True,9.242640687119286,9.242640687119286,50,0.2561999999670661,True,True
0.3,41,greedy,True,9.242640687119286,9.242640687119286,9,0.04799999987881165,True,True
0.3,41,astar,True,9.242640687119286,9.242640687119286,11,0.0617999999121821,True,True
0.3,42,bfs,True,11.65685424949238,11.65685424949238,66,0.16839999989315402,True,True
0.3,42,ucs,True,11.65685424949238,11.65685424949238,58,0.27349999982106965,True,True
0.3,42,greedy,True,13.071067811865476,11.65685424949238,14,0.07520000008298666,False,True
0.3,42,astar,True,11.65685424949238,11.65685424949238,19,0.09820000013860408,True,True
0.3,43,bfs,True,6.242640687119286,6.242640687119286,41,0.10720000000219443,True,True
0.3,43,ucs,True,6.242640687119286,6.242640687119286,43,0.21849999984624446,True,True
0.3,43,greedy,True,6.242640687119286,6.242640687119286,6,0.03980000019510044,True,True
0.3,43,astar,True,6.242640687119286,6.242640687119286,8,0.048600000354781514,True,True
0.3,44,bfs,True,3.414213562373095,3.414213562373095,12,0.03569999989849748,True,True
0.3,44,ucs,True,3.414213562373095,3.414213562373095,13,0.06689999963782611,True,True
0.3,44,greedy,True,4.242640687119286,3.414213562373095,4,0.020599999970727367,False,True
0.3,44,astar,True,3.414213562373095,3.414213562373095,5,0.024500000108673703,True,True
0.3,45,bfs,True,3.8284271247461903,3.8284271247461903,14,0.03730000025825575,True,True
0.3,45,ucs,True,3.8284271247461903,3.8284271247461903,14,0.07129999994504033,True,True
0.3,45,greedy,True,3.8284271247461903,3.8284271247461903,4,0.021299999843904516,True,True
0.3,45,astar,True,3.8284271247461903,3.8284271247461903,4,0.020399999812070746,True,True
0.3,46,bfs,True,8.65685424949238,8.65685424949238,46,0.11969999968641787,True,True
0.3,46,ucs,True,8.65685424949238,8.65685424949238,48,0.23029999965729075,True,True
0.3,46,greedy,True,9.485281374238571,8.65685424949238,8,0.04460000036488054,False,True
0.3,46,astar,True,8.65685424949238,8.65685424949238,11,0.055700000302749686,True,True
0.3,47,bfs,True,11.242640687119286,11.242640687119286,78,0.20420000009835348,True,True
0.3,47,ucs,True,11.242640687119286,11.242640687119286,75,0.3646999998636602,True,True
0.3,47,greedy,True,12.899494936611665,11.242640687119286,11,0.06450000000768341,False,True
0.3,47,astar,True,11.242640687119286,11.242640687119286,18,0.09329999966212199,True,True
0.3,48,bfs,True,4.82842712474619,4.82842712474619,24,0.0629000001026725,True,True
0.3,48,ucs,True,4.82842712474619,4.82842712474619,27,0.13790000002700253,True,True
0.3,48,greedy,True,4.82842712474619,4.82842712474619,5,0.02880000010918593,True,True
0.3,48,astar,True,4.82842712474619,4.82842712474619,6,0.031399999897985253,True,True
0.3,49,bfs,True,7.242640687119286,7.242640687119286,44,0.3228000000490283,True,True
0.3,49,ucs,True,7.242640687119286,7.242640687119286,44,0.4783999997926003,True,True
0.3,49,greedy,True,7.242640687119286,7.242640687119286,7,0.08610000031694653,True,True
0.3,49,astar,True,7.242640687119286,7.242640687119286,9,0.09030000001075678,True,True
0.3,50,bfs,True,11.65685424949238,11.65685424949238,83,0.2185999996981991,True,True
0.3,50,ucs,True,11.65685424949238,11.65685424949238,83,0.41970000029323273,True,True
0.3,50,greedy,True,12.485281374238571,11.65685424949238,11,0.07060000007186318,False,True
0.3,50,astar,True,11.65685424949238,11.65685424949238,20,0.11959999983446323,True,True
0.3,51,bfs,True,10.414213562373096,10.414213562373096,77,0.20810000023629982,True,True
0.3,51,ucs,True,10.414213562373096,10.414213562373096,74,0.37400000019260915,True,True
0.3,51,greedy,True,11.242640687119286,10.414213562373096,11,0.07659999982934096,False,True
0.3,51,astar,True,10.414213562373096,10.414213562373096,17,0.10139999994862592,True,True
0.3,52,bfs,True,5.414213562373095,5.414213562373095,20,0.05329999976311228,True,True
0.3,52,ucs,True,5.414213562373095,5.414213562373095,20,0.0957000002017594,True,True
0.3,52,greedy,True,6.242640687119286,5.414213562373095,6,0.027999999929306796,False,True
0.3,52,astar,True,5.414213562373095,5.414213562373095,7,0.02969999968627235,True,True
0.3,53,bfs,True,2.8284271247461903,2.8284271247461903,7,0.018200000340584666,True,True
0.3,53,ucs,True,2.8284271247461903,2.8284271247461903,7,0.031799999760551145,True,True
0.3,53,greedy,True,2.8284271247461903,2.8284271247461903,3,0.014799999917158857,True,True
0.3,53,astar,True,2.8284271247461903,2.8284271247461903,3,0.01430000020263833,True,True
0.3,54,bfs,False,,,75,0.1886000000013155,False,False
0.3,54,ucs,False,,,75,0.32840000039868755,False,False
0.3,54,greedy,False,,,75,0.3524000003380934,False,False
0.3,54,astar,False,,,75,0.34060000007229974,False,False
0.3,55,bfs,True,7.656854249492381,7.656854249492381,51,0.14210000017556013,True,True
0.3,55,ucs,True,7.656854249492381,7.656854249492381,49,0.24530000018785358,True,True
0.3,55,greedy,True,8.485281374238571,7.656854249492381,7,0.04389999958220869,False,True
0.3,55,astar,True,7.656854249492381,7.656854249492381,9,0.07890000006227638,True,True
0.3,56,bfs,True,11.899494936611665,11.899494936611665,75,0.22189999981492292,True,True
0.3,56,ucs,True,11.899494936611665,11.899494936611665,82,0.3956000000471249,True,True
0.3,56,greedy,True,11.899494936611665,11.899494936611665,10,0.06429999984902679,True,True
0.3,56,astar,True,11.899494936611665,11.899494936611665,14,0.08040000011533266,True,True
0.3,57,bfs,True,13.313708498984761,13.313708498984761,72,0.18499999987398041,True,True
0.3,57,ucs,True,13.313708498984761,13.313708498984761,73,0.3388000000086322,True,True
0.3,57,greedy,True,13.313708498984761,13.313708498984761,11,0.06609999991269433,True,True
0.3,57,astar,True,13.313708498984761,13.313708498984761,13,0.07340000001931912,True,True
0.3,58,bfs,True,12.071067811865476,12.071067811865476,65,0.1727000003484136,True,True
0.3,58,ucs,True,12.071067811865476,12.071067811865476,66,0.30680000008942443,True,True
0.3,58,greedy,True,12.899494936611665,12.071067811865476,12,0.07159999995565158,False,True
0.3,58,astar,True,12.071067811865476,12.071067811865476,23,0.12379999998302083,True,True
0.3,59,bfs,True,7.242640687119286,7.242640687119286,23,0.057500000366417225,True,True
0.3,59,ucs,True,7.242640687119286,7.242640687119286,31,0.146500000028027,True,True
0.3,59,greedy,True,7.242640687119286,7.242640687119286,7,0.03240000023652101,True,True
0.3,59,astar,True,7.242640687119286,7.242640687119286,11,0.04619999981514411,True,True
0.3,60,bfs,True,4.82842712474619,4.82842712474619,18,0.04549999994196696,True,True
0.3,60,ucs,True,4.82842712474619,4.82842712474619,19,0.0915000000532018,True,True
0.3,60,greedy,True,4.82842712474619,4.82842712474619,5,0.028299999939918052,True,True
0.3,60,astar,True,4.82842712474619,4.82842712474619,5,0.02769999991869554,True,True
0.3,61,bfs,True,12.071067811865476,12.071067811865476,52,0.13239999998404528,True,True
0.3,61,ucs,True,12.071067811865476,12.071067811865476,58,0.28799999972761725,True,True
0.3,61,greedy,True,12.899494936611665,12.071067811865476,11,0.06900000016685226,False,True
0.3,61,astar,True,12.071067811865476,12.071067811865476,20,0.1081000000340282,True,True
0.3,62,bfs,True,12.485281374238571,12.485281374238571,88,0.22960000023886096,True,True
0.3,62,ucs,True,12.485281374238571,12.485281374238571,90,0.4377000000204134,True,True
0.3,62,greedy,True,13.313708498984761,12.485281374238571,11,0.08239999988290947,False,True
0.3,62,astar,True,12.485281374238571,12.485281374238571,26,0.16800000003058813,True,True
0.3,63,bfs,True,12.485281374238571,10.82842712474619,84,0.2206999997724779,False,True
0.3,63,ucs,True,10.82842712474619,10.82842712474619,79,0.40620000027047354,True,True
0.3,63,greedy,True,10.82842712474619,10.82842712474619,11,0.07599999980811845,True,True
0.3,63,astar,True,10.82842712474619,10.82842712474619,12,0.079100000220933,True,True
0.3,64,bfs,True,10.242640687119286,10.242640687119286,64,0.16760000016802223,True,True
0.3,64,ucs,True,10.242640687119286,10.242640687119286,67,0.32980000014504185,True,True
0.3,64,greedy,True,11.071067811865476,10.242640687119286,10,0.05539999983739108,False,True
0.3,64,astar,True,10.242640687119286,10.242640687119286,21,0.11159999985466129,True,True
0.3,65,bfs,True,12.899494936611665,12.899494936611665,90,0.24050000001807348,True,True
0.3,65,ucs,True,12.899494936611665,12.899494936611665,90,0.44100000013713725,True,True
0.3,65,greedy,True,12.899494936611665,12.899494936611665,11,0.06960000018807477,True,True
0.3,65,astar,True,12.899494936611665,12.899494936611665,21,0.12390000028972281,True,True
0.3,66,bfs,True,12.071067811865476,12.071067811865476,76,0.19839999959003762,True,True
0.3,66,ucs,True,12.071067811865476,12.071067811865476,75,0.3492000000733242,True,True
0.3,66,greedy,True,12.899494936611665,12.071067811865476,11,0.06780000012440723,False,True
0.3,66,astar,True,12.071067811865476,12.071067811865476,29,0.16240000013567624,True,True
0.3,67,bfs,True,9.414213562373096,9.414213562373096,78,0.21070000002509914,True,True
0.3,67,ucs,True,9.414213562373096,9.414213562373096,62,0.3268000000389293,True,True
0.3,67,greedy,True,9.414213562373096,9.414213562373096,10,0.06580000035683042,True,True
0.3,67,astar,True,9.414213562373096,9.414213562373096,10,0.0638999999864609,True,True
0.3,68,bfs,True,5.242640687119286,5.242640687119286,21,0.052600000344682485,True,True
0.3,68,ucs,True,5.242640687119286,5.242640687119286,24,0.11029999996026163,True,True
0.3,68,greedy,True,5.242640687119286,5.242640687119286,5,0.03080000033151009,True,True
0.3,68,astar,True,5.242640687119286,5.242640687119286,6,0.035399999887886224,True,True
0.3,69,bfs,True,12.899494936611665,12.899494936611665,85,0.21800000013172394,True,True
0.3,69,ucs,True,12.899494936611665,12.899494936611665,86,0.4031999997096136,True,True
0.3,69,greedy,True,12.899494936611665,12.899494936611665,11,0.07199999981821747,True,True
0.3,69,astar,True,12.899494936611665,12.899494936611665,24,0.14259999989008065,True,True
0.3,70,bfs,True,7.656854249492381,7.656854249492381,36,0.09409999984200113,True,True
0.3,70,ucs,True,7.656854249492381,7.656854249492381,35,0.1704999999674328,True,True
0.3,70,greedy,True,7.656854249492381,7.656854249492381,7,0.0380000001314329,True,True
0.3,70,astar,True,7.656854249492381,7.656854249492381,11,0.05850000025020563,True,True
0.3,71,bfs,True,7.656854249492381,7.656854249492381,39,0.12829999968744232,True,True
0.3,71,ucs,True,7.656854249492381,7.656854249492381,39,0.18259999978909036,True,True
0.3,71,greedy,True,9.071067811865476,7.656854249492381,8,0.047700000322947744,False,True
0.3,71,astar,True,7.656854249492381,7.656854249492381,9,0.046999999995023245,True,True
0.3,72,bfs,True,12.65685424949238,12.65685424949238,75,0.1903000002130284,True,True
0.3,72,ucs,True,12.65685424949238,12.65685424949238,69,0.3158999998049694,True,True
0.3,72,greedy,True,13.485281374238571,12.65685424949238,14,0.10559999964243616,False,True
0.3,72,astar,True,12.65685424949238,12.65685424949238,31,0.1855000000432483,True,True
0.3,73,bfs,True,12.485281374238571,12.485281374238571,72,0.1870999999482592,True,True
0.3,73,ucs,True,12.485281374238571,12.485281374238571,73,0.34430000005158945,True,True
0.3,73,greedy,True,12.485281374238571,12.485281374238571,11,0.07510000023103203,True,True
0.3,73,astar,True,12.485281374238571,12.485281374238571,22,0.13630000012199162,True,True
0.3,74,bfs,True,12.65685424949238,12.65685424949238,83,0.21400000014182297,True,True
0.3,74,ucs,True,12.65685424949238,12.65685424949238,77,0.36869999985356117,True,True
0.3,74,greedy,True,14.313708498984761,12.65685424949238,13,0.0752999999349413,False,True
0.3,74,astar,True,12.65685424949238,12.65685424949238,24,0.12249999963387381,True,True
0.3,75,bfs,True,10.82842712474619,10.82842712474619,90,0.24949999988166383,True,True
0.3,75,ucs,True,10.82842712474619,10.82842712474619,87,0.4498999996940256,True,True
0.3,75,greedy,True,11.65685424949238,10.82842712474619,11,0.0731999998606625,False,True
0.3,75,astar,True,10.82842712474619,10.82842712474619,15,0.09200000022246968,True,True
0.3,76,bfs,True,11.65685424949238,11.65685424949238,80,0.20569999969666242,True,True
0.3,76,ucs,True,11.65685424949238,11.65685424949238,78,0.37560000009762007,True,True
0.3,76,greedy,True,12.485281374238571,11.65685424949238,11,0.07749999986117473,False,True
0.3,76,astar,True,11.65685424949238,11.65685424949238,21,0.13179999996282277,True,True
0.3,77,bfs,True,7.82842712474619,7.82842712474619,53,0.14180000016494887,True,True
0.3,77,ucs,True,7.82842712474619,7.82842712474619,51,0.25120000009337673,True,True
0.3,77,greedy,True,8.65685424949238,7.82842712474619,9,0.054399999953602673,False,True
0.3,77,astar,True,7.82842712474619,7.82842712474619,12,0.06709999979648273,True,True
0.3,78,bfs,True,13.727922061357857,13.727922061357857,79,0.20610000001397566,True,True
0.3,78,ucs,True,13.727922061357857,13.727922061357857,79,0.3894000001309905,True,True
0.3,78,greedy,True,13.727922061357857,13.727922061357857,13,0.09020000015880214,True,True
0.3,78,astar,True,13.727922061357857,13.727922061357857,46,0.2598000000944012,True,True
0.3,79,bfs,True,14.899494936611665,13.242640687119286,88,0.2276000000165368,False,True
0.3,79,ucs,True,13.242640687119286,13.242640687119286,88,0.5313999999998487,True,True
0.3,79,greedy,True,14.899494936611665,13.242640687119286,17,0.10699999984353781,False,True
0.3,79,astar,True,13.242640687119286,13.242640687119286,40,0.2472999999554304,True,True
0.3,80,bfs,True,3.414213562373095,3.414213562373095,11,0.030199999855540227,True,True
0.3,80,ucs,True,3.414213562373095,3.414213562373095,12,0.05890000011277152,True,True
0.3,80,greedy,True,4.242640687119286,3.414213562373095,4,0.03440000000409782,False,True
0.3,80,astar,True,3.414213562373095,3.414213562373095,5,0.024699999812582973,True,True
0.3,81,bfs,True,12.485281374238571,11.65685424949238,82,0.21259999994072132,False,True
0.3,81,ucs,True,11.65685424949238,11.65685424949238,79,0.37810000003446476,True,True
0.3,81,greedy,True,13.313708498984761,11.65685424949238,11,0.0721999999768741,False,True
0.3,81,astar,True,11.65685424949238,11.65685424949238,16,0.0918999999157677,True,True
0.3,82,bfs,True,13.313708498984761,13.313708498984761,66,0.172399999883055,True,True
0.3,82,ucs,True,13.313708498984761,13.313708498984761,68,0.3163999999742373,True,True
0.3,82,greedy,True,13.313708498984761,13.313708498984761,15,0.08600000001024455,True,True
0.3,82,astar,True,13.313708498984761,13.313708498984761,18,0.09810000028664945,True,True
0.3,83,bfs,True,14.142135623730951,13.313708498984761,70,0.18230000023322646,False,True
0.3,83,ucs,True,13.313708498984761,13.313708498984761,70,0.3335999999762862,True,True
0.3,83,greedy,True,13.313708498984761,13.313708498984761,11,0.07750000031592208,True,True
0.3,83,astar,True,13.313708498984761,13.313708498984761,13,0.08820000039122533,True,True
0.3,84,bfs,True,3.8284271247461903,3.8284271247461903,13,0.03500000002532033,True,True
0.3,84,ucs,True,3.8284271247461903,3.8284271247461903,14,0.07300000015675323,True,True
0.3,84,greedy,True,3.8284271247461903,3.8284271247461903,4,0.018199999885837315,True,True
0.3,84,astar,True,3.8284271247461903,3.8284271247461903,4,0.01959999963219161,True,True
0.3,85,bfs,True,6.82842712474619,6.82842712474619,26,0.06659999962721486,True,True
0.3,85,ucs,True,6.82842712474619,6.82842712474619,27,0.12960000003658934,True,True
0.3,85,greedy,True,6.82842712474619,6.82842712474619,7,0.032899999951041536,True,True
0.3,85,astar,True,6.82842712474619,6.82842712474619,8,0.0380000001314329,True,True
0.3,86,bfs,True,11.071067811865476,11.071067811865476,62,0.16720000030545634,True,True
0.3,86,ucs,True,11.071067811865476,11.071067811865476,70,0.35850000040227314,True,True
0.3,86,greedy,True,11.071067811865476,11.071067811865476,10,0.06579999990208307,True,True
0.3,86,astar,True,11.071067811865476,11.071067811865476,15,0.08269999989352073,True,True
0.3,87,bfs,False,,,2,0.006799999937356915,False,False
0.3,87,ucs,False,,,2,0.008600000001024455,False,False
0.3,87,greedy,False,,,2,0.007300000106624793,False,False
0.3,87,astar,False,,,2,0.00670000008540228,False,False
0.3,88,bfs,True,14.899494936611665,14.899494936611665,82,0.2621999997245439,True,True
0.3,88,ucs,True,14.899494936611665,14.899494936611665,81,0.39010000000416767,True,True
0.3,88,greedy,True,14.899494936611665,14.899494936611665,14,0.07569999979750719,True,True
0.3,88,astar,True,14.899494936611665,14.899494936611665,30,0.15439999970112694,True,True
0.3,89,bfs,True,8.242640687119286,8.242640687119286,25,0.06409999969037017,True,True
0.3,89,ucs,True,8.242640687119286,8.242640687119286,25,0.11459999996077386,True,True
0.3,89,greedy,True,9.071067811865476,8.242640687119286,10,0.04930000022795866,False,True
0.3,89,astar,True,8.242640687119286,8.242640687119286,14,0.06349999966914766,True,True
0.3,90,bfs,True,2.0,2.0,5,0.012900000001536682,True,True
0.3,90,ucs,True,2.0,2.0,5,0.024700000267330324,True,True
0.3,90,greedy,True,2.0,2.0,3,0.013299999864102574,True,True
0.3,90,astar,True,2.0,2.0,3,0.01250000013897079,True,True
0.3,91,bfs,True,10.485281374238571,9.65685424949238,66,0.17079999997804407,False,True
0.3,91,ucs,True,9.65685424949238,9.65685424949238,64,0.32959999998638523,True,True
0.3,91,greedy,True,11.071067811865476,9.65685424949238,10,0.06369999982780428,False,True
0.3,91,astar,True,9.65685424949238,9.65685424949238,17,0.09399999999004649,True,True
0.3,92,bfs,True,12.071067811865476,12.071067811865476,82,0.20940000013069948,True,True
0.3,92,ucs,True,12.071067811865476,12.071067811865476,80,0.3778000000238535,True,True
0.3,92,greedy,True,12.071067811865476,12.071067811865476,13,0.06669999993391684,True,True
0.3,92,astar,True,12.071067811865476,12.071067811865476,25,0.13940000008005882,True,True
0.3,93,bfs,True,12.65685424949238,12.65685424949238,85,0.21880000031160307,True,True
0.3,93,ucs,True,12.65685424949238,12.65685424949238,85,0.4007000002275163,True,True
0.3,93,greedy,True,13.485281374238571,12.65685424949238,13,0.07860000005166512,False,True
0.3,93,astar,True,12.65685424949238,12.65685424949238,39,0.21470000001500011,True,True
0.3,94,bfs,True,11.65685424949238,10.82842712474619,85,0.22120000039649312,False,True
0.3,94,ucs,True,10.82842712474619,10.82842712474619,70,0.3397999998924206,True,True
0.3,94,greedy,True,10.82842712474619,10.82842712474619,11,0.055900000006658956,True,True
0.3,94,astar,True,10.82842712474619,10.82842712474619,12,0.06659999962721486,True,True
0.3,95,bfs,True,6.656854249492381,6.656854249492381,33,0.0876999997672101,True,True
0.3,95,ucs,True,6.656854249492381,6.656854249492381,35,0.18529999988459167,True,True
0.3,95,greedy,True,6.656854249492381,6.656854249492381,6,0.03879999985656468,True,True
0.3,95,astar,True,6.656854249492381,6.656854249492381,6,0.0372999998035084,True,True
0.3,96,bfs,True,11.242640687119286,11.242640687119286,78,0.2023000001827313,True,True
0.3,96,ucs,True,11.242640687119286,11.242640687119286,73,0.3523000000313914,True,True
0.3,96,greedy,True,12.071067811865476,11.242640687119286,11,0.06749999965904863,False,True
0.3,96,astar,True,11.242640687119286,11.242640687119286,19,0.10979999979099375,True,True
0.3,97,bfs,True,1.0,1.0,2,0.005099999725644011,True,True
0.3,97,ucs,True,1.0,1.0,2,0.010199999906035373,True,True
0.3,97,greedy,True,1.0,1.0,2,0.008900000011635711,True,True
0.3,97,astar,True,1.0,1.0,2,0.008600000001024455,True,True
0.3,98,bfs,True,9.071067811865476,9.071067811865476,63,0.5458999999063963,True,True
0.3,98,ucs,True,9.071067811865476,9.071067811865476,64,0.978599999598373,True,True
0.3,98,greedy,True,9.071067811865476,9.071067811865476,8,0.1150000002780871,True,True
0.3,98,astar,True,9.071067811865476,9.071067811865476,14,0.18159999990530196,True,True
0.3,99,bfs,True,11.899494936611665,11.071067811865476,57,0.2633999997669889,False,True
0.3,99,ucs,True,11.071067811865476,11.071067811865476,57,0.27719999980035936,True,True
0.3,99,greedy,True,11.899494936611665,11.071067811865476,10,0.06339999981719302,False,True
0.3,99,astar,True,11.071067811865476,11.071067811865476,16,0.09230000023308094,True,True
0.3,100,bfs,True,11.071067811865476,10.242640687119286,60,0.15900000016699778,False,True
0.3,100,ucs,True,10.242640687119286,10.242640687119286,56,0.2722999997786246,True,True
0.3,100,greedy,True,11.071067811865476,10.242640687119286,10,0.05540000029213843,False,True
0.3,100,astar,True,10.242640687119286,10.242640687119286,16,0.07980000009411015,True,True
0.3,101,bfs,True,4.82842712474619,4.82842712474619,20,0.05430000010164804,True,True
0.3,101,ucs,True,4.82842712474619,4.82842712474619,23,0.12590000005729962,True,True
0.3,101,greedy,True,4.82842712474619,4.82842712474619,5,0.026900000193563756,True,True
0.3,101,astar,True,4.82842712474619,4.82842712474619,6,0.030299999707494862,True,True
0.3,102,bfs,True,11.82842712474619,11.82842712474619,85,0.2217999999629683,True,True
0.3,102,ucs,True,11.82842712474619,11.82842712474619,79,0.39890000016384874,True,True
0.3,102,greedy,True,13.485281374238571,11.82842712474619,12,0.07039999991320656,False,True
0.3,102,astar,True,11.82842712474619,11.82842712474619,27,0.14320000036605052,True,True
0.3,103,bfs,True,10.899494936611665,10.899494936611665,68,0.17539999998916755,True,True
0.3,103,ucs,True,10.899494936611665,10.899494936611665,76,0.3606000000218046,True,True
0.3,103,greedy,True,10.899494936611665,10.899494936611665,9,0.05830000009154901,True,True
0.3,103,astar,True,10.899494936611665,10.899494936611665,14,0.08030000026337802,True,True
0.3,104,bfs,True,1.0,1.0,4,0.010599999768601265,True,True
0.3,104,ucs,True,1.0,1.0,4,0.018700000055105193,True,True
0.3,104,greedy,True,1.0,1.0,2,0.007699999969190685,True,True
0.3,104,astar,True,1.0,1.0,2,0.0073999999585794285,True,True
0.3,105,bfs,True,9.65685424949238,9.65685424949238,53,0.13739999985773466,True,True
0.3,105,ucs,True,9.65685424949238,9.65685424949238,59,0.3131999997094681,True,True
0.3,105,greedy,True,9.65685424949238,9.65685424949238,9,0.05429999964690069,True,True
0.3,105,astar,True,9.65685424949238,9.65685424949238,14,0.07950000008349889,True,True
0.3,106,bfs,True,1.0,1.0,3,0.007500000265281415,True,True
0.3,106,ucs,True,1.0,1.0,3,0.01359999987471383,True,True
0.3,106,greedy,True,1.0,1.0,2,0.008799999704933725,True,True
0.3,106,astar,True,1.0,1.0,2,0.008399999842367833,True,True
0.3,107,bfs,True,5.82842712474619,5.82842712474619,35,0.2507999997760635,True,True
0.3,107,ucs,True,5.82842712474619,5.82842712474619,37,0.45820000013918616,True,True
0.3,107,greedy,True,5.82842712474619,5.82842712474619,6,0.06859999984953902,True,True
0.3,107,astar,True,5.82842712474619,5.82842712474619,8,0.0876999997672101,True,True
0.3,108,bfs,True,7.82842712474619,7.82842712474619,41,0.2623999998832005,True,True
0.3,108,ucs,True,7.82842712474619,7.82842712474619,41,0.4155999999966298,True,True
0.3,108,greedy,True,8.65685424949238,7.82842712474619,8,0.09540000019114814,False,True
0.3,108,astar,True,7.82842712474619,7.82842712474619,12,0.1316000002589135,True,True
0.3,109,bfs,True,13.899494936611665,13.899494936611665,80,0.34279999999853317,True,True
0.3,109,ucs,True,13.899494936611665,13.899494936611665,80,0.37689999999201973,True,True
0.3,109,greedy,True,16.970562748477143,13.899494936611665,13,0.08520000028511276,False,True
0.3,109,astar,True,13.899494936611665,13.899494936611665,19,0.11450000010881922,True,True
0.3,110,bfs,True,4.82842712474619,4.82842712474619,21,0.05610000016531558,True,True
0.3,110,ucs,True,4.82842712474619,4.82842712474619,21,0.10440000005473848,True,True
0.3,110,greedy,True,5.656854249492381,4.82842712474619,5,0.027799999770650174,False,True
0.3,110,astar,True,4.82842712474619,4.82842712474619,7,0.03440000000409782,True,True
0.3,111,bfs,False,,,1,0.004100000296602957,False,False
0.3,111,ucs,False,,,1,0.0047999997150327545,False,False
0.3,111,greedy,False,,,1,0.0036999999792897142,False,False
0.3,111,astar,False,,,1,0.003499999820633093,False,False
0.3,112,bfs,False,,,57,0.1492000001235283,False,False
0.3,112,ucs,False,,,57,0.26359999992564553,False,False
0.3,112,greedy,False,,,57,0.26729999990493525,False,False
0.3,112,astar,False,,,57,0.2741000002970395,False,False
0.3,113,bfs,True,10.485281374238571,10.485281374238571,69,0.18040000031760428,True,True
0.3,113,ucs,True,10.485281374238571,10.485281374238571,74,0.35729999990508077,True,True
0.3,113,greedy,True,10.485281374238571,10.485281374238571,15,0.08450000041193562,True,True
0.3,113,astar,True,10.485281374238571,10.485281374238571,21,0.1164000000244414,True,True
0.3,114,bfs,True,11.65685424949238,11.65685424949238,78,0.20240000003468595,True,True
0.3,114,ucs,True,11.65685424949238,11.65685424949238,75,0.3608000001804612,True,True
0.3,114,greedy,True,12.485281374238571,11.65685424949238,11,0.07129999994504033,False,True
0.3,114,astar,True,11.65685424949238,11.65685424949238,20,0.11409999979150598,True,True
0.3,115,bfs,True,7.242640687119286,7.242640687119286,38,0.10459999975864775,True,True
0.3,115,ucs,True,7.242640687119286,7.242640687119286,42,0.22290000015345868,True,True
0.3,115,greedy,True,7.242640687119286,7.242640687119286,7,0.05220000002736924,True,True
0.3,115,astar,True,7.242640687119286,7.242640687119286,9,0.05600000031336094,True,True
0.3,116,bfs,True,15.485281374238571,15.485281374238571,85,0.24870000015653204,True,True
0.3,116,ucs,True,15.485281374238571,15.485281374238571,86,0.41439999995418475,True,True
0.3,116,greedy,True,16.31370849898476,15.485281374238571,24,0.14529999998558196,False,True
0.3,116,astar,True,15.485281374238571,15.485281374238571,56,0.29489999997167615,True,True
0.3,117,bfs,True,8.82842712474619,8.82842712474619,51,0.13209999997343402,True,True
0.3,117,ucs,True,8.82842712474619,8.82842712474619,52,0.25080000023081084,True,True
0.3,117,greedy,True,8.82842712474619,8.82842712474619,9,0.04949999993186793,True,True
0.3,117,astar,True,8.82842712474619,8.82842712474619,11,0.05850000025020563,True,True
0.3,118,bfs,True,5.242640687119286,5.242640687119286,31,0.08040000011533266,True,True
0.3,118,ucs,True,5.242640687119286,5.242640687119286,31,0.16180000011445372,True,True
0.3,118,greedy,True,5.242640687119286,5.242640687119286,5,0.031199999739328632,True,True
0.3,118,astar,True,5.242640687119286,5.242640687119286,7,0.03989999959230772,True,True
0.3,119,bfs,True,9.242640687119286,9.242640687119286,61,0.1577999996698054,True,True
0.3,119,ucs,True,9.242640687119286,9.242640687119286,53,0.25849999974525417,True,True
0.3,119,greedy,True,10.071067811865476,9.242640687119286,10,0.05689999989044736,False,True
0.3,119,astar,True,9.242640687119286,9.242640687119286,18,0.09380000028613722,True,True
0.3,120,bfs,True,6.82842712474619,6.82842712474619,32,0.08429999979853164,True,True
0.3,120,ucs,True,6.82842712474619,6.82842712474619,32,0.1644000003580004,True,True
0.3,120,greedy,True,7.656854249492381,6.82842712474619,7,0.03930000002583256,False,True
0.3,120,astar,True,6.82842712474619,6.82842712474619,9,0.04540000009001233,True,True
0.3,121,bfs,True,11.242640687119286,11.242640687119286,75,0.19370000018170686,True,True
0.3,121,ucs,True,11.242640687119286,11.242640687119286,71,0.3553999999894586,True,True
0.3,121,greedy,True,12.071067811865476,11.242640687119286,11,0.09430000000065775,False,True
0.3,121,astar,True,11.242640687119286,11.242640687119286,16,0.2502000002095883,True,True
0.3,122,bfs,True,12.899494936611665,12.899494936611665,75,0.2276000000165368,True,True
0.3,122,ucs,True,12.899494936611665,12.899494936611665,73,0.47150000000328873,True,True
0.3,122,greedy,True,12.899494936611665,12.899494936611665,11,0.07649999997738632,True,True
0.3,122,astar,True,12.899494936611665,12.899494936611665,28,1.8359999999120191,True,True
0.3,123,bfs,True,10.899494936611665,10.899494936611665,72,0.5125000002408342,True,True
0.3,123,ucs,True,10.899494936611665,10.899494936611665,74,0.7798000001457694,True,True
0.3,123,greedy,True,10.899494936611665,10.899494936611665,9,0.07450000020980951,True,True
0.3,123,astar,True,10.899494936611665,10.899494936611665,15,0.09629999976823456,True,True
0.3,124,bfs,True,11.071067811865476,11.071067811865476,64,0.1687999997557199,True,True
0.3,124,ucs,True,11.071067811865476,11.071067811865476,70,0.4051999999319378,True,True
0.3,124,greedy,True,11.071067811865476,11.071067811865476,10,0.0656000001981738,True,True
0.3,124,astar,True,11.071067811865476,11.071067811865476,18,0.10449999990669312,True,True
0.3,125,bfs,True,10.82842712474619,10.82842712474619,78,0.20500000027823262,True,True
0.3,125,ucs,True,10.82842712474619,10.82842712474619,70,0.33770000027288916,True,True
0.3,125,greedy,True,12.485281374238571,10.82842712474619,11,0.0718000001143082,False,True
0.3,125,astar,True,10.82842712474619,10.82842712474619,18,0.0915000000532018,True,True
0.3,126,bfs,True,9.071067811865476,9.071067811865476,57,0.146399999721325,True,True
0.3,126,ucs,True,9.071067811865476,9.071067811865476,57,0.27139999974679085,True,True
0.3,126,greedy,True,9.071067811865476,9.071067811865476,8,0.1295000001846347,True,True
0.3,126,astar,True,9.071067811865476,9.071067811865476,10,0.06299999995462713,True,True
0.3,127,bfs,True,10.82842712474619,10.82842712474619,74,0.3056000000469794,True,True
0.3,127,ucs,True,10.82842712474619,10.82842712474619,72,0.35109999998894637,True,True
0.3,127,greedy,True,11.65685424949238,10.82842712474619,11,0.07580000010420918,False,True
0.3,127,astar,True,10.82842712474619,10.82842712474619,15,0.09259999978894484,True,True
0.3,128,bfs,True,12.899494936611665,12.899494936611665,67,0.1720000000204891,True,True
0.3,128,ucs,True,12.899494936611665,12.899494936611665,68,0.31139999964580056,True,True
0.3,128,greedy,True,12.899494936611665,12.899494936611665,11,0.06200000007083872,True,True
0.3,128,astar,True,12.899494936611665,12.899494936611665,28,0.14929999997548293,True,True
0.3,129,bfs,True,3.8284271247461903,3.8284271247461903,16,0.04380000018500141,True,True
0.3,129,ucs,True,3.8284271247461903,3.8284271247461903,16,0.08799999977782136,True,True
0.3,129,greedy,True,3.8284271247461903,3.8284271247461903,4,0.023799999780749204,True,True
0.3,129,astar,True,3.8284271247461903,3.8284271247461903,4,0.025100000129896216,True,True
0.3,130,bfs,True,12.071067811865476,12.071067811865476,75,0.19449999990683864,True,True
0.3,130,ucs,True,12.071067811865476,12.071067811865476,81,0.3764999996747065,True,True
0.3,130,greedy,True,13.727922061357857,12.071067811865476,11,0.0691000000188069,False,True
0.3,130,astar,True,12.071067811865476,12.071067811865476,25,0.13750000016443664,True,True
0.3,131,bfs,True,4.242640687119286,4.242640687119286,19,0.051199999688833486,True,True
0.3,131,ucs,True,4.242640687119286,4.242640687119286,20,0.10160000010728254,True,True
0.3,131,greedy,True,4.242640687119286,4.242640687119286,4,0.02410000024610781,True,True
0.3,131,astar,True,4.242640687119286,4.242640687119286,5,0.026000000161729986,True,True
0.3,132,bfs,True,11.071067811865476,11.071067811865476,64,0.16610000011496595,True,True
0.3,132,ucs,True,11.071067811865476,11.071067811865476,71,0.35410000009505893,True,True
0.3,132,greedy,True,11.071067811865476,11.071067811865476,10,0.06709999979648273,True,True
0.3,132,astar,True,11.071067811865476,11.071067811865476,21,0.1202000003104331,True,True
0.3,133,bfs,True,12.65685424949238,12.65685424949238,71,0.18569999974715756,True,True
0.3,133,ucs,True,12.65685424949238,12.65685424949238,71,0.37989999964338494,True,True
0.3,133,greedy,True,12.65685424949238,12.65685424949238,12,0.07039999991320656,True,True
0.3,133,astar,True,12.65685424949238,12.65685424949238,21,0.1133000000663742,True,True
0.3,134,bfs,True,1.0,1.0,3,0.008600000001024455,True,True
0.3,134,ucs,True,1.0,1.0,3,0.015500000245083356,True,True
0.3,134,greedy,True,1.0,1.0,2,0.008999999863590347,True,True
0.3,134,astar,True,1.0,1.0,2,0.008299999990413198,True,True
0.3,135,bfs,True,9.242640687119286,9.242640687119286,52,0.1358000004074711,True,True
0.3,135,ucs,True,9.242640687119286,9.242640687119286,52,0.25450000021010055,True,True
0.3,135,greedy,True,10.071067811865476,9.242640687119286,9,0.05139999984749011,False,True
0.3,135,astar,True,9.242640687119286,9.242640687119286,14,0.06849999999758438,True,True
0.3,136,bfs,True,13.727922061357857,12.899494936611665,93,0.2515999999559426,False,True
0.3,136,ucs,True,12.899494936611665,12.899494936611665,93,0.6010000001879234,True,True
0.3,136,greedy,True,12.899494936611665,12.899494936611665,11,0.1563999999234511,True,True
0.3,136,astar,True,12.899494936611665,12.899494936611665,20,0.26650000017980346,True,True
0.3,137,bfs,True,13.485281374238571,12.65685424949238,76,0.4802000003110152,False,True
0.3,137,ucs,True,12.65685424949238,12.65685424949238,74,0.44509999997899286,True,True
0.3,137,greedy,True,13.485281374238571,12.65685424949238,12,0.0700999999025953,False,True
0.3,137,astar,True,12.65685424949238,12.65685424949238,16,0.08780000007391209,True,True
0.3,138,bfs,True,3.0,3.0,17,0.04459999991013319,True,True
0.3,138,ucs,True,3.0,3.0,13,0.07200000027296483,True,True
0.3,138,greedy,True,3.0,3.0,4,0.020200000108161476,True,True
0.3,138,astar,True,3.0,3.0,4,0.019500000234984327,True,True
0.3,139,bfs,True,8.82842712474619,8.82842712474619,62,0.16319999986080802,True,True
0.3,139,ucs,True,8.82842712474619,8.82842712474619,62,0.36649999992732774,True,True
0.3,139,greedy,True,10.485281374238571,8.82842712474619,9,0.05780000037702848,False,True
0.3,139,astar,True,8.82842712474619,8.82842712474619,19,0.10659999998097192,True,True
0.3,140,bfs,True,11.071067811865476,11.071067811865476,71,0.45030000001133885,True,True
0.3,140,ucs,True,11.071067811865476,11.071067811865476,70,0.42540000004009926,True,True
0.3,140,greedy,True,11.899494936611665,11.071067811865476,10,0.06679999978587148,False,True
0.3,140,astar,True,11.071067811865476,11.071067811865476,23,0.12560000004668836,True,True
0.3,141,bfs,True,11.65685424949238,11.65685424949238,83,0.21770000012111268,True,True
0.3,141,ucs,True,11.65685424949238,11.65685424949238,77,0.3854999999930442,True,True
0.3,141,greedy,True,11.65685424949238,11.65685424949238,12,0.07310000000870787,True,True
0.3,141,astar,True,11.65685424949238,11.65685424949238,19,0.10310000016033882,True,True
0.3,142,bfs,True,12.071067811865476,12.071067811865476,69,0.1781999999366235,True,True
0.3,142,ucs,True,12.071067811865476,12.071067811865476,64,0.3100999997514009,True,True
0.3,142,greedy,True,12.071067811865476,12.071067811865476,11,0.06550000034621917,True,True
0.3,142,astar,True,12.071067811865476,12.071067811865476,25,0.14099999998506973,True,True
0.3,143,bfs,True,8.414213562373096,8.414213562373096,57,0.14770000007047202,True,True
0.3,143,ucs,True,8.414213562373096,8.414213562373096,49,0.24569999959567212,True,True
0.3,143,greedy,True,10.071067811865476,8.414213562373096,9,0.04549999994196696,False,True
0.3,143,astar,True,8.414213562373096,8.414213562373096,12,0.05269999974188977,True,True
0.3,144,bfs,True,10.414213562373096,10.414213562373096,79,0.2092999998239975,True,True
0.3,144,ucs,True,10.414213562373096,10.414213562373096,62,0.3145000000586151,True,True
0.3,144,greedy,True,12.071067811865476,10.414213562373096,11,0.054800000270915916,False,True
0.3,144,astar,True,10.414213562373096,10.414213562373096,14,0.061500000356318196,True,True
0.3,145,bfs,True,12.485281374238571,12.485281374238571,64,0.16559999994569807,True,True
0.3,145,ucs,True,12.485281374238571,12.485281374238571,64,0.2970999998979096,True,True
0.3,145,greedy,True,13.313708498984761,12.485281374238571,11,0.06970000004002941,False,True
0.3,145,astar,True,12.485281374238571,12.485281374238571,32,0.17969999998967978,True,True
0.3,146,bfs,True,11.65685424949238,11.65685424949238,75,0.19410000004427275,True,True
0.3,146,ucs,True,11.65685424949238,11.65685424949238,75,0.3702999997585721,True,True
0.3,146,greedy,True,12.485281374238571,11.65685424949238,11,0.06759999996575061,False,True
0.3,146,astar,True,11.65685424949238,11.65685424949238,27,0.14359999977386906,True,True
0.3,147,bfs,True,7.82842712474619,7.82842712474619,43,0.15519999988100608,True,True
0.3,147,ucs,True,7.82842712474619,7.82842712474619,42,0.20700000004580943,True,True
0.3,147,greedy,True,7.82842712474619,7.82842712474619,8,0.03969999988839845,True,True
0.3,147,astar,True,7.82842712474619,7.82842712474619,11,0.05380000038712751,True,True
0.3,148,bfs,True,13.727922061357857,12.071067811865476,89,0.23259999989022617,False,True
0.3,148,ucs,True,12.071067811865476,12.071067811865476,89,0.4364999999779684,True,True
0.3,148,greedy,True,13.727922061357857,12.071067811865476,11,0.06769999981770525,False,True
0.3,148,astar,True,12.071067811865476,12.071067811865476,29,0.16460000006190967,True,True
0.3,149,bfs,True,10.65685424949238,10.65685424949238,54,0.13869999975213432,True,True
0.3,149,ucs,True,10.65685424949238,10.65685424949238,54,0.2496000001883658,True,True
0.3,149,greedy,True,11.485281374238571,10.65685424949238,10,0.05999999984851456,False,True
0.3,149,astar,True,10.65685424949238,10.65685424949238,14,0.07340000001931912,True,True
0.3,150,bfs,True,5.0,5.0,23,0.0610999995842576,True,True
0.3,150,ucs,True,5.0,5.0,20,0.09559999989505741,True,True
0.3,150,greedy,True,5.0,5.0,6,0.027300000056129647,True,True
0.3,150,astar,True,5.0,5.0,6,0.0266000001829525,True,True
0.3,151,bfs,True,6.242640687119286,6.242640687119286,37,0.15149999990171636,True,True
0.3,151,ucs,True,6.242640687119286,6.242640687119286,36,0.1872000002549612,True,True
0.3,151,greedy,True,6.242640687119286,6.242640687119286,6,0.03670000023703324,True,True
0.3,151,astar,True,6.242640687119286,6.242640687119286,7,0.04269999999451102,True,True
0.3,152,bfs,True,7.0,7.0,44,0.16059999961726135,True,True
0.3,152,ucs,True,7.0,7.0,40,0.2036999999290856,True,True
0.3,152,greedy,True,7.0,7.0,8,0.06440000015572878,True,True
0.3,152,astar,True,7.0,7.0,8,0.05700000019714935,True,True
0.3,153,bfs,True,12.485281374238571,12.485281374238571,70,0.18349999982092413,True,True
0.3,153,ucs,True,12.485281374238571,12.485281374238571,72,0.3500000002532033,True,True
0.3,153,greedy,True,12.485281374238571,12.485281374238571,11,0.06819999998697313,True,True
0.3,153,astar,True,12.485281374238571,12.485281374238571,21,0.1250999998774205,True,True
0.3,154,bfs,True,11.485281374238571,10.65685424949238,74,0.19419999989622738,False,True
0.3,154,ucs,True,10.65685424949238,10.65685424949238,62,0.3040999999939231,True,True
0.3,154,greedy,True,10.65685424949238,10.65685424949238,10,0.05109999983687885,True,True
0.3,154,astar,True,10.65685424949238,10.65685424949238,16,0.0749000000723754,True,True
0.3,155,bfs,True,13.313708498984761,12.485281374238571,77,0.2069000001938548,False,True
0.3,155,ucs,True,12.485281374238571,12.485281374238571,77,0.377300000309333,True,True
0.3,155,greedy,True,12.485281374238571,12.485281374238571,11,0.07439999990310753,True,True
0.3,155,astar,True,12.485281374238571,12.485281374238571,21,0.1318999998147774,True,True
0.3,156,bfs,True,5.82842712474619,5.82842712474619,29,0.07460000006176415,True,True
0.3,156,ucs,True,5.82842712474619,5.82842712474619,25,0.15699999994467362,True,True
0.3,156,greedy,True,6.656854249492381,5.82842712474619,6,0.03370000013092067,False,True
0.3,156,astar,True,5.82842712474619,5.82842712474619,7,0.035399999887886224,True,True
0.3,157,bfs,True,1.0,1.0,3,0.007999999979801942,True,True
0.3,157,ucs,True,1.0,1.0,3,0.0144999999065476,True,True
0.3,157,greedy,True,1.0,1.0,2,0.00760000011723605,True,True
0.3,157,astar,True,1.0,1.0,2,0.007300000106624793,True,True
0.3,158,bfs,True,3.0,3.0,10,0.02610000001368462,True,True
0.3,158,ucs,True,3.0,3.0,10,0.05030000011174707,True,True
0.3,158,greedy,True,3.0,3.0,4,0.02189999986512703,True,True
0.3,158,astar,True,3.0,3.0,4,0.018599999748403206,True,True
0.3,159,bfs,True,12.071067811865476,11.82842712474619,76,0.19680000013977406,False,True
0.3,159,ucs,True,11.82842712474619,11.82842712474619,76,0.35769999976764666,True,True
0.3,159,greedy,True,12.071067811865476,11.82842712474619,11,0.06869999970149365,False,True
0.3,159,astar,True,11.82842712474619,11.82842712474619,12,0.056800000038492726,True,True
0.3,160,bfs,True,8.82842712474619,8.82842712474619,49,0.1289000001634122,True,True
0.3,160,ucs,True,8.82842712474619,8.82842712474619,41,0.2034000003732217,True,True
0.3,160,greedy,True,8.82842712474619,8.82842712474619,9,0.044099999740865314,True,True
0.3,160,astar,True,8.82842712474619,8.82842712474619,12,0.05800000008093775,True,True
0.3,161,bfs,True,6.242640687119286,6.242640687119286,28,0.09790000012799283,True,True
0.3,161,ucs,True,6.242640687119286,6.242640687119286,32,0.15499999972234946,True,True
0.3,161,greedy,True,6.242640687119286,6.242640687119286,6,0.033400000120309414,True,True
0.3,161,astar,True,6.242640687119286,6.242640687119286,7,0.041000000237545464,True,True
0.3,162,bfs,True,11.65685424949238,11.65685424949238,76,0.19500000007610652,True,True
0.3,162,ucs,True,11.65685424949238,11.65685424949238,77,0.36780000027647475,True,True
0.3,162,greedy,True,13.65685424949238,11.65685424949238,13,0.07749999986117473,False,True
0.3,162,astar,True,11.65685424949238,11.65685424949238,17,0.09589999990566866,True,True
0.3,163,bfs,True,1.0,1.0,3,0.00869999985297909,True,True
0.3,163,ucs,True,1.0,1.0,3,0.019099999917671084,True,True
0.3,163,greedy,True,1.0,1.0,2,0.010100000054080738,True,True
0.3,163,astar,True,1.0,1.0,2,0.009700000191514846,True,True
0.3,164,bfs,True,15.899494936611665,15.071067811865476,74,0.19780000002356246,False,True
0.3,164,ucs,True,15.071067811865476,15.071067811865476,72,0.3366999999343534,True,True
0.3,164,greedy,True,15.071067811865476,15.071067811865476,15,0.0874000002113462,True,True
0.3,164,astar,True,15.071067811865476,15.071067811865476,23,0.11909999966519536,True,True
0.3,165,bfs,True,8.242640687119286,8.242640687119286,18,0.04600000011123484,True,True
0.3,165,ucs,True,8.242640687119286,8.242640687119286,17,0.07679999998799758,True,True
0.3,165,greedy,True,8.242640687119286,8.242640687119286,9,0.03969999988839845,True,True
0.3,165,astar,True,8.242640687119286,8.242640687119286,11,0.04619999981514411,True,True
0.3,166,bfs,True,3.8284271247461903,3.8284271247461903,11,0.02900000026784255,True,True
0.3,166,ucs,True,3.8284271247461903,3.8284271247461903,11,0.05469999996421393,True,True
0.3,166,greedy,True,3.8284271247461903,3.8284271247461903,4,0.017800000023271423,True,True
0.3,166,astar,True,3.8284271247461903,3.8284271247461903,4,0.017899999875226058,True,True
0.3,167,bfs,True,4.82842712474619,4.82842712474619,18,0.04549999994196696,True,True
0.3,167,ucs,True,4.82842712474619,4.82842712474619,19,0.1357000001007691,True,True
0.3,167,greedy,True,4.82842712474619,4.82842712474619,5,0.025499999992462108,True,True
0.3,167,astar,True,4.82842712474619,4.82842712474619,7,0.03409999999348656,True,True
0.3,168,bfs,True,6.82842712474619,6.82842712474619,28,0.0725000004422327,True,True
0.3,168,ucs,True,6.82842712474619,6.82842712474619,28,0.13770000032309326,True,True
0.3,168,greedy,True,7.656854249492381,6.82842712474619,7,0.03599999990910874,False,True
0.3,168,astar,True,6.82842712474619,6.82842712474619,10,0.04859999990003416,True,True
0.3,169,bfs,True,6.242640687119286,6.242640687119286,52,0.3805000001193548,True,True
0.3,169,ucs,True,6.242640687119286,6.242640687119286,53,0.7715000001553562,True,True
0.3,169,greedy,True,6.242640687119286,6.242640687119286,6,0.12510000033216784,True,True
0.3,169,astar,True,6.242640687119286,6.242640687119286,8,0.15809999968041666,True,True
0.3,170,bfs,True,8.485281374238571,8.485281374238571,45,0.26900000011664815,True,True
0.3,170,ucs,True,8.485281374238571,8.485281374238571,51,0.25839999989329954,True,True
0.3,170,greedy,True,9.071067811865476,8.485281374238571,10,0.05300000020724838,False,True
0.3,170,astar,True,8.485281374238571,8.485281374238571,14,0.07310000000870787,True,True
0.3,171,bfs,True,7.656854249492381,7.656854249492381,48,0.1274000001103559,True,True
0.3,171,ucs,True,7.656854249492381,7.656854249492381,47,0.24290000010296353,True,True
0.3,171,greedy,True,7.656854249492381,7.656854249492381,8,0.04750000016429112,True,True
0.3,171,astar,True,7.656854249492381,7.656854249492381,12,0.06749999965904863,True,True
0.3,172,bfs,True,7.242640687119286,7.242640687119286,42,0.10979999979099375,True,True
0.3,172,ucs,True,7.242640687119286,7.242640687119286,40,0.19160000010742806,True,True
0.3,172,greedy,True,7.242640687119286,7.242640687119286,7,0.03860000015265541,True,True
0.3,172,astar,True,7.242640687119286,7.242640687119286,8,0.044299999899521936,True,True
0.3,173,bfs,True,8.82842712474619,8.82842712474619,69,0.18290000025444897,True,True
0.3,173,ucs,True,8.82842712474619,8.82842712474619,63,0.346100000115257,True,True
0.3,173,greedy,True,9.65685424949238,8.82842712474619,9,0.07120000009308569,False,True
0.3,173,astar,True,8.82842712474619,8.82842712474619,17,0.09850000014921534,True,True
0.3,174,bfs,True,8.65685424949238,8.65685424949238,55,0.14559999999619322,True,True
0.3,174,ucs,True,8.65685424949238,8.65685424949238,55,0.2755000000433938,True,True
0.3,174,greedy,True,8.65685424949238,8.65685424949238,8,0.0442000000475673,True,True
0.3,174,astar,True,8.65685424949238,8.65685424949238,14,0.07039999991320656,True,True
0.3,175,bfs,True,12.65685424949238,12.65685424949238,77,0.2002000001084525,True,True
0.3,175,ucs,True,12.65685424949238,12.65685424949238,78,0.3870999998980551,True,True
0.3,175,greedy,True,14.313708498984761,12.65685424949238,15,0.08969999998953426,False,True
0.3,175,astar,True,12.65685424949238,12.65685424949238,23,0.12930000002597808,True,True
0.3,176,bfs,True,5.242640687119286,5.242640687119286,30,0.07719999985056347,True,True
0.3,176,ucs,True,5.242640687119286,5.242640687119286,30,0.1440000000911823,True,True
0.3,176,greedy,True,5.242640687119286,5.242640687119286,5,0.03300000025774352,True,True
0.3,176,astar,True,5.242640687119286,5.242640687119286,7,0.04170000011072261,True,True
0.3,177,bfs,True,11.242640687119286,11.242640687119286,72,0.19489999976940453,True,True
0.3,177,ucs,True,11.242640687119286,11.242640687119286,74,0.3546999996615341,True,True
0.3,177,greedy,True,12.899494936611665,11.242640687119286,11,0.07850000019971048,False,True
0.3,177,astar,True,11.242640687119286,11.242640687119286,20,0.1254000003427791,True,True
0.3,178,bfs,True,7.656854249492381,7.656854249492381,47,0.12550000019473373,True,True
0.3,178,ucs,True,7.656854249492381,7.656854249492381,48,0.23630000032426324,True,True
0.3,178,greedy,True,7.656854249492381,7.656854249492381,7,0.03699999979289714,True,True
0.3,178,astar,True,7.656854249492381,7.656854249492381,11,0.05399999963628943,True,True
0.3,179,bfs,False,,,2,0.0064000000747910235,False,False
0.3,179,ucs,False,,,2,0.008600000001024455,False,False
0.3,179,greedy,False,,,2,0.0073999999585794285,False,False
0.3,179,astar,False,,,2,0.007000000096013537,False,False
0.3,180,bfs,True,10.65685424949238,10.65685424949238,56,0.1453999998375366,True,True
0.3,180,ucs,True,10.65685424949238,10.65685424949238,56,0.2631999996083323,True,True
0.3,180,greedy,True,11.485281374238571,10.65685424949238,10,0.05379999993238016,False,True
0.3,180,astar,True,10.65685424949238,10.65685424949238,11,0.05689999989044736,True,True
0.3,181,bfs,True,11.242640687119286,11.242640687119286,79,0.28520000023490866,True,True
0.3,181,ucs,True,11.242640687119286,11.242640687119286,75,0.3820000001724111,True,True
0.3,181,greedy,True,12.071067811865476,11.242640687119286,11,0.07770000001983135,False,True
0.3,181,astar,True,11.242640687119286,11.242640687119286,20,0.22750000016458216,True,True
0.3,182,bfs,True,8.65685424949238,8.65685424949238,53,0.1864999999270367,True,True
0.3,182,ucs,True,8.65685424949238,8.65685424949238,52,0.4109999999855063,True,True
0.3,182,greedy,True,8.65685424949238,8.65685424949238,8,0.05090000013296958,True,True
0.3,182,astar,True,8.65685424949238,8.65685424949238,14,0.10930000007647322,True,True
0.3,183,bfs,True,5.414213562373095,5.414213562373095,27,0.07329999971261714,True,True
0.3,183,ucs,True,5.414213562373095,5.414213562373095,26,0.12149999975008541,True,True
0.3,183,greedy,True,5.414213562373095,5.414213562373095,6,0.040500000068277586,True,True
0.3,183,astar,True,5.414213562373095,5.414213562373095,6,0.02949999998236308,True,True
0.3,184,bfs,True,11.65685424949238,11.65685424949238,79,0.20589999985531904,True,True
0.3,184,ucs,True,11.65685424949238,11.65685424949238,79,0.375899999653484,True,True
0.3,184,greedy,True,11.65685424949238,11.65685424949238,11,0.07010000035734265,True,True
0.3,184,astar,True,11.65685424949238,11.65685424949238,21,0.12090000018361025,True,True
0.3,185,bfs,True,11.65685424949238,11.65685424949238,48,0.12519999972937512,True,True
0.3,185,ucs,True,11.65685424949238,11.65685424949238,53,0.25999999979831045,True,True
0.3,185,greedy,True,11.65685424949238,11.65685424949238,11,0.056600000334583456,True,True
0.3,185,astar,True,11.65685424949238,11.65685424949238,20,0.09060000002136803,True,True
0.3,186,bfs,True,13.313708498984761,13.313708498984761,73,0.1882000001387496,True,True
0.3,186,ucs,True,13.313708498984761,13.313708498984761,73,0.3505999998196785,True,True
0.3,186,greedy,True,13.313708498984761,13.313708498984761,11,0.06809999968027114,True,True
0.3,186,astar,True,13.313708498984761,13.313708498984761,17,0.09839999984251335,True,True
0.3,187,bfs,True,12.899494936611665,12.899494936611665,83,0.21709999964514282,True,True
0.3,187,ucs,True,12.899494936611665,12.899494936611665,84,0.41069999997489504,True,True
0.3,187,greedy,True,12.899494936611665,12.899494936611665,11,0.0774000000092201,True,True
0.3,187,astar,True,12.899494936611665,12.899494936611665,25,0.1810000003388268,True,True
0.3,188,bfs,True,3.8284271247461903,3.8284271247461903,10,0.027300000056129647,True,True
0.3,188,ucs,True,3.8284271247461903,3.8284271247461903,11,0.05490000012287055,True,True
0.3,188,greedy,True,3.8284271247461903,3.8284271247461903,4,0.021299999843904516,True,True
0.3,188,astar,True,3.8284271247461903,3.8284271247461903,5,0.024899999971239595,True,True
0.3,189,bfs,True,13.899494936611665,13.071067811865476,76,0.1938000000336615,False,True
0.3,189,ucs,True,13.071067811865476,13.071067811865476,75,0.394000000142114,True,True
0.3,189,greedy,True,13.899494936611665,13.071067811865476,15,0.09379999983138987,False,True
0.3,189,astar,True,13.071067811865476,13.071067811865476,25,0.13579999995272374,True,True
0.3,190,bfs,True,14.313708498984761,14.313708498984761,76,0.19530000008671777,True,True
0.3,190,ucs,True,14.313708498984761,14.313708498984761,78,0.3602000001592387,True,True
0.3,190,greedy,True,14.313708498984761,14.313708498984761,12,0.08959999968283228,True,True
0.3,190,astar,True,14.313708498984761,14.313708498984761,28,0.16550000009374344,True,True
0.3,191,bfs,True,12.071067811865476,12.071067811865476,67,0.17559999969307682,True,True
0.3,191,ucs,True,12.071067811865476,12.071067811865476,72,0.9405000000697328,True,True
0.3,191,greedy,True,12.899494936611665,12.071067811865476,12,0.20700000004580943,False,True
0.3,191,astar,True,12.071067811865476,12.071067811865476,21,0.24910000001909793,True,True
0.3,192,bfs,True,9.242640687119286,9.242640687119286,52,0.3351000000293425,True,True
0.3,192,ucs,True,9.242640687119286,9.242640687119286,55,0.3028999999514781,True,True
0.3,192,greedy,True,9.242640687119286,9.242640687119286,9,0.053699999625678174,True,True
0.3,192,astar,True,9.242640687119286,9.242640687119286,13,0.06979999989198404,True,True
0.3,193,bfs,True,9.071067811865476,9.071067811865476,46,0.12400000014167745,True,True
0.3,193,ucs,True,9.071067811865476,9.071067811865476,48,0.24189999976442778,True,True
0.3,193,greedy,True,9.071067811865476,9.071067811865476,9,0.04529999978331034,True,True
0.3,193,astar,True,9.071067811865476,9.071067811865476,15,0.07640000012543169,True,True
0.3,194,bfs,True,13.313708498984761,13.313708498984761,77,0.1988999997593055,True,True
0.3,194,ucs,True,13.313708498984761,13.313708498984761,77,0.3608999995776685,True,True
0.3,194,greedy,True,13.313708498984761,13.313708498984761,11,0.0812000002952118,True,True
0.3,194,astar,True,13.313708498984761,13.313708498984761,20,0.13719999969907803,True,True
0.3,195,bfs,True,15.727922061357857,15.727922061357857,87,0.23409999994328246,True,True
0.3,195,ucs,True,15.727922061357857,15.727922061357857,87,0.4214999999021529,True,True
0.3,195,greedy,True,18.31370849898476,15.727922061357857,23,0.13140000010025688,False,True
0.3,195,astar,True,15.727922061357857,15.727922061357857,48,0.2754000001914392,True,True
0.3,196,bfs,True,6.0,6.0,44,0.11730000005627517,True,True
0.3,196,ucs,True,6.0,6.0,37,0.19149999980072607,True,True
0.3,196,greedy,True,6.0,6.0,7,0.038099999983387534,True,True
0.3,196,astar,True,6.0,6.0,7,0.036300000374467345,True,True
0.3,197,bfs,True,11.65685424949238,11.65685424949238,74,0.19139999994877144,True,True
0.3,197,ucs,True,11.65685424949238,11.65685424949238,76,0.36240000008547213,True,True
0.3,197,greedy,True,13.313708498984761,11.65685424949238,11,0.07940000023154425,False,True
0.3,197,astar,True,11.65685424949238,11.65685424949238,16,0.09350000027552596,True,True
0.3,198,bfs,True,14.485281374238571,14.485281374238571,80,0.20560000029945513,True,True
0.3,198,ucs,True,14.485281374238571,14.485281374238571,80,0.3718000002663757,True,True
0.3,198,greedy,True,15.313708498984761,14.485281374238571,14,0.0801000001047214,False,True
0.3,198,astar,True,14.485281374238571,14.485281374238571,47,0.24389999998675194,True,True
0.3,199,bfs,True,6.656854249492381,6.656854249492381,45,0.12139999989813077,True,True
0.3,199,ucs,True,6.656854249492381,6.656854249492381,50,0.24970000004032045,True,True
0.3,199,greedy,True,6.656854249492381,6.656854249492381,6,0.04130000024815672,True,True
0.3,199,astar,True,6.656854249492381,6.656854249492381,9,0.05529999998543644,True,True
0.4,0,bfs,True,2.8284271247461903,2.8284271247461903,10,0.02570000015111873,True,True
0.4,0,ucs,True,2.8284271247461903,2.8284271247461903,10,0.052800000048591755,True,True
0.4,0,greedy,True,2.8284271247461903,2.8284271247461903,3,0.01650000012887176,True,True
0.4,0,astar,True,2.8284271247461903,2.8284271247461903,3,0.015199999779724749,True,True
0.4,1,bfs,True,4.82842712474619,4.82842712474619,15,0.03990000004705507,True,True
0.4,1,ucs,True,4.82842712474619,4.82842712474619,15,0.07509999977628468,True,True
0.4,1,greedy,True,4.82842712474619,4.82842712474619,5,0.02569999969637138,True,True
0.4,1,astar,True,4.82842712474619,4.82842712474619,7,0.034500000310799805,True,True
0.4,2,bfs,False,,,61,0.16559999994569807,False,False
0.4,2,ucs,False,,,61,0.2699000001484819,False,False
0.4,2,greedy,False,,,61,0.28520000023490866,False,False
0.4,2,astar,False,,,61,0.27690000024449546,False,False
0.4,3,bfs,True,2.414213562373095,2.414213562373095,9,0.023300000066228677,True,True
0.4,3,ucs,True,2.414213562373095,2.414213562373095,7,0.031200000194075983,True,True
0.4,3,greedy,True,2.414213562373095,2.414213562373095,3,0.016599999980826396,True,True
0.4,3,astar,True,2.414213562373095,2.414213562373095,3,0.013100000160193304,True,True
0.4,4,bfs,True,12.485281374238571,12.485281374238571,75,0.18900000031862874,True,True
0.4,4,ucs,True,12.485281374238571,12.485281374238571,73,0.33059999987017363,True,True
0.4,4,greedy,True,12.485281374238571,12.485281374238571,11,0.10380000003351597,True,True
0.4,4,astar,True,12.485281374238571,12.485281374238571,27,0.13269999999465654,True,True
0.4,5,bfs,True,8.65685424949238,8.65685424949238,51,0.1409000001331151,True,True
0.4,5,ucs,True,8.65685424949238,8.65685424949238,50,0.24250000024039764,True,True
0.4,5,greedy,True,9.485281374238571,8.65685424949238,8,0.050600000122358324,False,True
0.4,5,astar,True,8.65685424949238,8.65685424949238,14,0.07849999974496313,True,True
0.4,6,bfs,True,6.242640687119286,6.242640687119286,27,0.11769999991884106,True,True
0.4,6,ucs,True,6.242640687119286,6.242640687119286,28,0.1511999998911051,True,True
0.4,6,greedy,True,6.242640687119286,6.242640687119286,7,0.03880000031131203,True,True
0.4,6,astar,True,6.242640687119286,6.242640687119286,9,0.04820000003746827,True,True
0.4,7,bfs,True,11.485281374238571,11.485281374238571,54,0.1389000003655383,True,True
0.4,7,ucs,True,11.485281374238571,11.485281374238571,54,0.2586999999039108,True,True
0.4,7,greedy,True,14.313708498984761,11.485281374238571,13,0.07550000009359792,False,True
0.4,7,astar,True,11.485281374238571,11.485281374238571,33,0.17070000012608944,True,True
0.4,8,bfs,True,6.242640687119286,6.242640687119286,24,0.07090000008247443,True,True
0.4,8,ucs,True,6.242640687119286,6.242640687119286,22,0.10689999999158317,True,True
0.4,8,greedy,True,6.242640687119286,6.242640687119286,7,0.03770000012082164,True,True
0.4,8,astar,True,6.242640687119286,6.242640687119286,9,0.04469999976208783,True,True
0.4,9,bfs,True,11.485281374238571,11.485281374238571,62,0.16839999989315402,True,True
0.4,9,ucs,True,11.485281374238571,11.485281374238571,61,0.2822000001287961,True,True
0.4,9,greedy,True,11.485281374238571,11.485281374238571,10,0.05899999996472616,True,True
0.4,9,astar,True,11.485281374238571,11.485281374238571,15,0.07750000031592208,True,True
0.4,10,bfs,True,11.65685424949238,11.65685424949238,75,0.20379999978104024,True,True
0.4,10,ucs,True,11.65685424949238,11.65685424949238,72,0.33739999980753055,True,True
0.4,10,greedy,True,14.142135623730951,11.65685424949238,11,0.0714999996489496,False,True
0.4,10,astar,True,11.65685424949238,11.65685424949238,23,0.12699999979304266,True,True
0.4,11,bfs,True,4.82842712474619,4.82842712474619,15,0.03839999999399879,True,True
0.4,11,ucs,True,4.82842712474619,4.82842712474619,16,0.07439999990310753,True,True
0.4,11,greedy,True,4.82842712474619,4.82842712474619,5,0.024400000256719068,True,True
0.4,11,astar,True,4.82842712474619,4.82842712474619,5,0.023300000066228677,True,True
0.4,12,bfs,True,2.0,2.0,7,0.018600000203150557,True,True
0.4,12,ucs,True,2.0,2.0,6,0.030200000310287578,True,True
0.4,12,greedy,True,2.0,2.0,3,0.012199999673612183,True,True
0.4,12,astar,True,2.0,2.0,3,0.01160000010713702,True,True
0.4,13,bfs,True,1.0,1.0,3,0.008999999863590347,True,True
0.4,13,ucs,True,1.0,1.0,3,0.016700000287528383,True,True
0.4,13,greedy,True,1.0,1.0,2,0.009200000022246968,True,True
0.4,13,astar,True,1.0,1.0,2,0.008499999694322469,True,True
0.4,14,bfs,True,5.82842712474619,5.82842712474619,20,0.049899999794433825,True,True
0.4,14,ucs,True,5.82842712474619,5.82842712474619,21,0.09469999986322364,True,True
0.4,14,greedy,True,6.656854249492381,5.82842712474619,6,0.03349999997226405,False,True
0.4,14,astar,True,5.82842712474619,5.82842712474619,11,0.058799999806069536,True,True
0.4,15,bfs,True,11.65685424949238,11.65685424949238,39,0.09799999997994746,True,True
0.4,15,ucs,True,11.65685424949238,11.65685424949238,39,0.17739999975674436,True,True
0.4,15,greedy,True,11.65685424949238,11.65685424949238,11,0.046999999995023245,True,True
0.4,15,astar,True,11.65685424949238,11.65685424949238,14,0.0555999999960477,True,True
0.4,16,bfs,True,3.8284271247461903,3.8284271247461903,13,0.03349999997226405,True,True
0.4,16,ucs,True,3.8284271247461903,3.8284271247461903,16,0.08180000031643431,True,True
0.4,16,greedy,True,3.8284271247461903,3.8284271247461903,4,0.019699999938893598,True,True
0.4,16,astar,True,3.8284271247461903,3.8284271247461903,4,0.01900000006571645,True,True
0.4,17,bfs,True,8.65685424949238,8.65685424949238,53,0.13689999968846678,True,True
0.4,17,ucs,True,8.65685424949238,8.65685424949238,52,0.24819999998726416,True,True
0.4,17,greedy,True,9.485281374238571,8.65685424949238,8,0.0403999997615756,False,True
0.4,17,astar,True,8.65685424949238,8.65685424949238,10,0.047900000026857015,True,True
0.4,18,bfs,True,7.242640687119286,7.242640687119286,30,0.0780000000304426,True,True
0.4,18,ucs,True,7.242640687119286,7.242640687119286,30,0.1364999998259009,True,True
0.4,18,greedy,True,8.071067811865476,7.242640687119286,8,0.046800000291113975,False,True
0.4,18,astar,True,7.242640687119286,7.242640687119286,10,0.05499999997482519,True,True
0.4,19,bfs,True,11.485281374238571,11.485281374238571,58,0.14919999966878095,True,True
0.4,19,ucs,True,11.485281374238571,11.485281374238571,66,0.3204999998160929,True,True
0.4,19,greedy,True,11.485281374238571,11.485281374238571,10,0.06669999993391684,True,True
0.4,19,astar,True,11.485281374238571,11.485281374238571,19,0.20219999987602932,True,True
0.4,20,bfs,True,1.0,1.0,2,0.00650000038149301,True,True
0.4,20,ucs,True,1.0,1.0,2,0.009800000043469481,True,True
0.4,20,greedy,True,1.0,1.0,2,0.007900000127847306,True,True
0.4,20,astar,True,1.0,1.0,2,0.007699999969190685,True,True
0.4,21,bfs,True,5.0,5.0,18,0.048800000058690784,True,True
0.4,21,ucs,True,5.0,5.0,17,0.08659999957671971,True,True
0.4,21,greedy,True,5.0,5.0,6,0.02989999984492897,True,True
0.4,21,astar,True,5.0,5.0,6,0.02900000026784255,True,True
0.4,22,bfs,True,10.242640687119286,10.242640687119286,54,0.14169999985824688,True,True
0.4,22,ucs,True,10.242640687119286,10.242640687119286,55,0.2610000001368462,True,True
0.4,22,greedy,True,11.071067811865476,10.242640687119286,11,0.05149999969944474,False,True
0.4,22,astar,True,10.242640687119286,10.242640687119286,14,0.07159999995565158,True,True
0.4,23,bfs,True,15.313708498984761,15.313708498984761,73,0.18629999976838008,True,True
0.4,23,ucs,True,15.313708498984761,15.313708498984761,74,0.32849999979589484,True,True
0.4,23,greedy,True,18.14213562373095,15.313708498984761,16,0.09339999996882398,False,True
0.4,23,astar,True,15.313708498984761,15.313708498984761,49,0.26359999992564553,True,True
0.4,24,bfs,True,3.8284271247461903,3.8284271247461903,11,0.032499999633728294,True,True
0.4,24,ucs,True,3.8284271247461903,3.8284271247461903,14,0.0752999999349413,True,True
0.4,24,greedy,True,3.8284271247461903,3.8284271247461903,4,0.0189999996109691,True,True
0.4,24,astar,True,3.8284271247461903,3.8284271247461903,4,0.018200000340584666,True,True
0.4,25,bfs,True,3.8284271247461903,3.8284271247461903,16,0.043900000036956044,True,True
0.4,25,ucs,True,3.8284271247461903,3.8284271247461903,14,0.07030000006125192,True,True
0.4,25,greedy,True,3.8284271247461903,3.8284271247461903,4,0.022400000034394907,True,True
0.4,25,astar,True,3.8284271247461903,3.8284271247461903,4,0.021500000002561137,True,True
0.4,26,bfs,True,10.485281374238571,10.485281374238571,56,0.1443999999537482,True,True
0.4,26,ucs,True,10.485281374238571,10.485281374238571,61,0.28329999986453913,True,True
0.4,26,greedy,True,10.485281374238571,10.485281374238571,9,0.051900000016757986,True,True
0.4,26,astar,True,10.485281374238571,10.485281374238571,18,0.09989999989556964,True,True
0.4,27,bfs,True,2.0,2.0,4,0.010900000233959872,True,True
0.4,27,ucs,True,2.0,2.0,4,0.018000000181928044,True,True
0.4,27,greedy,True,2.0,2.0,3,0.012099999821657548,True,True
0.4,27,astar,True,2.0,2.0,3,0.011300000096525764,True,True
0.4,28,bfs,False,,,1,0.003499999820633093,False,False
0.4,28,ucs,False,,,1,0.004300000000512227,False,False
0.4,28,greedy,False,,,1,0.0033999999686784577,False,False
0.4,28,astar,False,,,1,0.0032999996619764715,False,False
0.4,29,bfs,True,13.313708498984761,13.313708498984761,71,0.1793000001271139,True,True
0.4,29,ucs,True,13.313708498984761,13.313708498984761,71,0.3115999998044572,True,True
0.4,29,greedy,True,13.313708498984761,13.313708498984761,11,0.05959999998594867,True,True
0.4,29,astar,True,13.313708498984761,13.313708498984761,23,0.12029999970764038,True,True
0.4,30,bfs,True,9.242640687119286,9.242640687119286,50,0.1405000002705492,True,True
0.4,30,ucs,True,9.242640687119286,9.242640687119286,47,0.23320000036619604,True,True
0.4,30,greedy,True,10.071067811865476,9.242640687119286,10,0.053700000080425525,False,True
0.4,30,astar,True,9.242640687119286,9.242640687119286,14,0.06940000002941815,True,True
0.4,31,bfs,True,15.899494936611665,15.899494936611665,61,0.1557999999022286,True,True
0.4,31,ucs,True,15.899494936611665,15.899494936611665,61,0.2668000001904147,True,True
0.4,31,greedy,True,17.556349186104047,15.899494936611665,20,0.11180000001331791,False,True
0.4,31,astar,True,15.899494936611665,15.899494936611665,21,0.12109999988751952,True,True
0.4,32,bfs,True,8.65685424949238,8.65685424949238,26,0.06729999995513936,True,True
0.4,32,ucs,True,8.65685424949238,8.65685424949238,26,0.11420000009820797,True,True
0.4,32,greedy,True,9.485281374238571,8.65685424949238,9,0.0463000001218461,False,True
0.4,32,astar,True,8.65685424949238,8.65685424949238,15,0.0714999996489496,True,True
0.4,33,bfs,True,12.071067811865476,12.071067811865476,61,0.15539999958491535,True,True
0.4,33,ucs,True,12.071067811865476,12.071067811865476,52,0.2531000000089989,True,True
0.4,33,greedy,True,12.071067811865476,12.071067811865476,11,0.06559999974342645,True,True
0.4,33,astar,True,12.071067811865476,12.071067811865476,15,0.09080000018002465,True,True
0.4,34,bfs,True,3.0,3.0,14,0.03659999993033125,True,True
0.4,34,ucs,True,3.0,3.0,12,0.05719999990105862,True,True
0.4,34,greedy,True,3.0,3.0,4,0.017100000150094274,True,True
0.4,34,astar,True,3.0,3.0,4,0.01629999997021514,True,True
0.4,35,bfs,True,12.071067811865476,11.242640687119286,79,0.20089999998162966,False,True
0.4,35,ucs,True,11.242640687119286,11.242640687119286,75,0.3530000003593159,True,True
0.4,35,greedy,True,11.242640687119286,11.242640687119286,11,0.06450000000768341,True,True
0.4,35,astar,True,11.242640687119286,11.242640687119286,12,0.06830000029367511,True,True
0.4,36,bfs,True,13.727922061357857,13.727922061357857,84,0.21599999990939978,True,True
0.4,36,ucs,True,13.727922061357857,13.727922061357857,84,0.4297000000406115,True,True
0.4,36,greedy,True,13.727922061357857,13.727922061357857,11,0.07589999995616381,True,True
0.4,36,astar,True,13.727922061357857,13.727922061357857,15,0.10300000030838419,True,True
0.4,37,bfs,True,10.65685424949238,10.65685424949238,47,0.1366999999845575,True,True
0.4,37,ucs,True,10.65685424949238,10.65685424949238,46,0.20460000041566673,True,True
0.4,37,greedy,True,10.65685424949238,10.65685424949238,10,0.048800000058690784,True,True
0.4,37,astar,True,10.65685424949238,10.65685424949238,10,0.04749999970954377,True,True
0.4,38,bfs,True,13.899494936611665,13.899494936611665,67,0.18430000000080327,True,True
0.4,38,ucs,True,13.899494936611665,13.899494936611665,68,0.3171999996993691,True,True
0.4,38,greedy,True,14.485281374238571,13.899494936611665,21,0.11459999996077386,False,True
0.4,38,astar,True,13.899494936611665,13.899494936611665,32,0.17669999988356722,True,True
0.4,39,bfs,True,18.31370849898476,18.31370849898476,70,0.1750999999785563,True,True
0.4,39,ucs,True,18.31370849898476,18.31370849898476,70,0.3052000001844135,True,True
0.4,39,greedy,True,19.14213562373095,18.31370849898476,23,0.1191000001199427,False,True
0.4,39,astar,True,18.31370849898476,18.31370849898476,46,0.21090000018375576,True,True
0.4,40,bfs,True,6.656854249492381,6.656854249492381,29,0.07509999977628468,True,True
0.4,40,ucs,True,6.656854249492381,6.656854249492381,32,0.15410000014526304,True,True
0.4,40,greedy,True,6.656854249492381,6.656854249492381,6,0.033599999824218685,True,True
0.4,40,astar,True,6.656854249492381,6.656854249492381,8,0.04489999992074445,True,True
0.4,41,bfs,True,5.82842712474619,5.82842712474619,36,0.10750000001280569,True,True
0.4,41,ucs,True,5.82842712474619,5.82842712474619,33,0.16179999965970637,True,True
0.4,41,greedy,True,5.82842712474619,5.82842712474619,6,0.030199999855540227,True,True
0.4,41,astar,True,5.82842712474619,5.82842712474619,7,0.06940000002941815,True,True
0.4,42,bfs,True,13.071067811865476,13.071067811865476,77,0.257799999872077,True,True
0.4,42,ucs,True,13.071067811865476,13.071067811865476,76,0.41720000035638805,True,True
0.4,42,greedy,True,13.071067811865476,13.071067811865476,17,0.08680000019012368,True,True
0.4,42,astar,True,13.071067811865476,13.071067811865476,24,0.11409999979150598,True,True
0.4,43,bfs,True,12.485281374238571,12.485281374238571,59,0.15979999989212956,True,True
0.4,43,ucs,True,12.485281374238571,12.485281374238571,66,0.30160000005707843,True,True
0.4,43,greedy,True,12.485281374238571,12.485281374238571,11,0.06329999996523838,True,True
0.4,43,astar,True,12.485281374238571,12.485281374238571,14,0.07640000012543169,True,True
0.4,44,bfs,True,13.071067811865476,13.071067811865476,67,0.1843999998527579,True,True
0.4,44,ucs,True,13.071067811865476,13.071067811865476,66,0.29240000003483146,True,True
0.4,44,greedy,True,13.071067811865476,13.071067811865476,12,0.06890000031489762,True,True
0.4,44,astar,True,13.071067811865476,13.071067811865476,22,0.11100000028818613,True,True
0.4,45,bfs,True,8.65685424949238,8.65685424949238,36,0.0967000000855478,True,True
0.4,45,ucs,True,8.65685424949238,8.65685424949238,35,0.1747000001159904,True,True
0.4,45,greedy,True,8.65685424949238,8.65685424949238,11,0.06880000000819564,True,True
0.4,45,astar,True,8.65685424949238,8.65685424949238,11,0.061100000039004954,True,True
0.4,46,bfs,False,,,63,0.16009999990274082,False,False
0.4,46,ucs,False,,,63,0.28249999968466,False,False
0.4,46,greedy,False,,,63,0.2812000002450077,False,False
0.4,46,astar,False,,,63,0.29069999982311856,False,False
0.4,47,bfs,True,12.071067811865476,12.071067811865476,70,0.17889999980980065,True,True
0.4,47,ucs,True,12.071067811865476,12.071067811865476,72,0.32420000025012996,True,True
0.4,47,greedy,True,13.727922061357857,12.071067811865476,12,0.07310000000870787,False,True
0.4,47,astar,True,12.071067811865476,12.071067811865476,25,0.13559999979406712,True,True
0.4,48,bfs,True,9.485281374238571,9.485281374238571,47,0.3071000001000357,True,True
0.4,48,ucs,True,9.485281374238571,9.485281374238571,51,0.5286000000523927,True,True
0.4,48,greedy,True,9.485281374238571,9.485281374238571,8,0.08729999990464421,True,True
0.4,48,astar,True,9.485281374238571,9.485281374238571,16,0.14220000002751476,True,True
0.4,49,bfs,True,12.313708498984761,12.313708498984761,57,0.15140000004976173,True,True
0.4,49,ucs,True,12.313708498984761,12.313708498984761,61,0.2865000001293083,True,True
0.4,49,greedy,True,12.313708498984761,12.313708498984761,16,0.08720000005268957,True,True
0.4,49,astar,True,12.313708498984761,12.313708498984761,26,0.13760000001639128,True,True
0.4,50,bfs,True,3.8284271247461903,3.8284271247461903,5,0.01359999987471383,True,True
0.4,50,ucs,True,3.8284271247461903,3.8284271247461903,5,0.023300000066228677,True,True
0.4,50,greedy,True,3.8284271247461903,3.8284271247461903,4,0.015699999948992627,True,True
0.4,50,astar,True,3.8284271247461903,3.8284271247461903,4,0.015300000086426735,True,True
0.4,51,bfs,True,10.65685424949238,10.65685424949238,53,0.151599999753671,True,True
0.4,51,ucs,True,10.65685424949238,10.65685424949238,54,0.2583000000413449,True,True
0.4,51,greedy,True,12.313708498984761,10.65685424949238,10,0.056599999879836105,False,True
0.4,51,astar,True,10.65685424949238,10.65685424949238,14,0.07140000025174231,True,True
0.4,52,bfs,True,8.242640687119286,8.242640687119286,31,0.08099999968180782,True,True
0.4,52,ucs,True,8.242640687119286,8.242640687119286,32,0.1453999998375366,True,True
0.4,52,greedy,True,9.071067811865476,8.242640687119286,8,0.04549999994196696,False,True
0.4,52,astar,True,8.242640687119286,8.242640687119286,12,0.06530000018756255,True,True
0.4,53,bfs,True,13.899494936611665,13.899494936611665,73,0.18440000030750525,True,True
0.4,53,ucs,True,13.899494936611665,13.899494936611665,73,0.32820000024003093,True,True
0.4,53,greedy,True,13.899494936611665,13.899494936611665,15,0.08960000013757963,True,True
0.4,53,astar,True,13.899494936611665,13.899494936611665,41,0.20570000015140977,True,True
0.4,54,bfs,True,9.071067811865476,9.071067811865476,56,0.14740000005986076,True,True
0.4,54,ucs,True,9.071067811865476,9.071067811865476,56,0.27099999988422496,True,True
0.4,54,greedy,True,9.071067811865476,9.071067811865476,8,0.05359999977372354,True,True
0.4,54,astar,True,9.071067811865476,9.071067811865476,14,0.0814999998510757,True,True
0.4,55,bfs,False,,,1,0.004200000148557592,False,False
0.4,55,ucs,False,,,1,0.004500000159168849,False,False
0.4,55,greedy,False,,,1,0.003600000127335079,False,False
0.4,55,astar,False,,,1,0.0033999999686784577,False,False
0.4,56,bfs,True,11.242640687119286,11.242640687119286,59,0.15969999958542758,True,True
0.4,56,ucs,True,11.242640687119286,11.242640687119286,58,0.2847000000656408,True,True
0.4,56,greedy,True,12.071067811865476,11.242640687119286,12,0.07420000019919826,False,True
0.4,56,astar,True,11.242640687119286,11.242640687119286,19,0.1032999998642481,True,True
0.4,57,bfs,True,14.899494936611665,14.899494936611665,70,0.17810000008466886,True,True
0.4,57,ucs,True,14.899494936611665,14.899494936611665,70,0.3139000000373926,True,True
0.4,57,greedy,True,14.899494936611665,14.899494936611665,18,0.10520000023461762,True,True
0.4,57,astar,True,14.899494936611665,14.899494936611665,36,0.18210000007456983,True,True
0.4,58,bfs,False,,,6,0.016800000139483018,False,False
0.4,58,ucs,False,,,6,0.025800000003073364,False,False
0.4,58,greedy,False,,,6,0.02389999963270384,False,False
0.4,58,astar,False,,,6,0.023300000066228677,False,False
0.4,59,bfs,True,15.485281374238571,15.485281374238571,73,0.18869999985327013,True,True
0.4,59,ucs,True,15.485281374238571,15.485281374238571,73,0.3417000002627901,True,True
0.4,59,greedy,True,16.31370849898476,15.485281374238571,18,0.09030000001075678,False,True
0.4,59,astar,True,15.485281374238571,15.485281374238571,31,0.15699999994467362,True,True
0.4,60,bfs,True,13.071067811865476,13.071067811865476,55,0.1415000001543376,True,True
0.4,60,ucs,True,13.071067811865476,13.071067811865476,58,0.2586999999039108,True,True
0.4,60,greedy,True,13.071067811865476,13.071067811865476,15,0.07260000029418734,True,True
0.4,60,astar,True,13.071067811865476,13.071067811865476,22,0.0976999999693362,True,True
0.4,61,bfs,True,10.071067811865476,10.071067811865476,35,0.09309999995821272,True,True
0.4,61,ucs,True,10.071067811865476,10.071067811865476,35,0.16149999964909512,True,True
0.4,61,greedy,True,10.071067811865476,10.071067811865476,9,0.0473000000056345,True,True
0.4,61,astar,True,10.071067811865476,10.071067811865476,11,0.05759999976362451,True,True
0.4,62,bfs,True,14.727922061357857,14.727922061357857,70,0.17849999994723476,True,True
0.4,62,ucs,True,14.727922061357857,14.727922061357857,75,0.33759999996618717,True,True
0.4,62,greedy,True,14.727922061357857,14.727922061357857,17,0.1121999998758838,True,True
0.4,62,astar,True,14.727922061357857,14.727922061357857,22,0.11309999990771757,True,True
0.4,63,bfs,True,1.0,1.0,3,0.007999999979801942,True,True
0.4,63,ucs,True,1.0,1.0,3,0.01539999993838137,True,True
0.4,63,greedy,True,1.0,1.0,2,0.008799999704933725,True,True
0.4,63,astar,True,1.0,1.0,2,0.008299999990413198,True,True
0.4,64,bfs,False,,,68,0.17320000006293412,False,False
0.4,64,ucs,False,,,68,0.3071999999519903,False,False
0.4,64,greedy,False,,,68,0.3222000000278058,False,False
0.4,64,astar,False,,,68,0.31860000035521807,False,False
0.4,65,bfs,False,,,59,0.1480999999330379,False,False
0.4,65,ucs,False,,,59,0.25080000023081084,False,False
0.4,65,greedy,False,,,59,0.26030000026366906,False,False
0.4,65,astar,False,,,59,0.2570999999988999,False,False
0.4,66,bfs,True,2.8284271247461903,2.8284271247461903,8,0.020899999981338624,True,True
0.4,66,ucs,True,2.8284271247461903,2.8284271247461903,8,0.03839999999399879,True,True
0.4,66,greedy,True,2.8284271247461903,2.8284271247461903,3,0.014899999769113492,True,True
0.4,66,astar,True,2.8284271247461903,2.8284271247461903,3,0.013800000033370452,True,True
0.4,67,bfs,True,6.242640687119286,6.242640687119286,32,0.08590000015828991,True,True
0.4,67,ucs,True,6.242640687119286,6.242640687119286,33,0.16770000001997687,True,True
0.4,67,greedy,True,6.242640687119286,6.242640687119286,7,0.036100000215810724,True,True
0.4,67,astar,True,6.242640687119286,6.242640687119286,8,0.03909999986717594,True,True
0.4,68,bfs,True,13.65685424949238,13.65685424949238,63,0.16180000011445372,True,True
0.4,68,ucs,True,13.65685424949238,13.65685424949238,63,0.29230000018287683,True,True
0.4,68,greedy,True,15.313708498984761,13.65685424949238,13,0.07559999994555255,False,True
0.4,68,astar,True,13.65685424949238,13.65685424949238,22,0.14149999969959026,True,True
0.4,69,bfs,True,12.071067811865476,12.071067811865476,60,0.1938000000336615,True,True
0.4,69,ucs,True,12.071067811865476,12.071067811865476,62,0.2911000001404318,True,True
0.4,69,greedy,True,12.899494936611665,12.071067811865476,12,0.10649999967426993,False,True
0.4,69,astar,True,12.071067811865476,12.071067811865476,20,0.09890000001178123,True,True
0.4,70,bfs,True,11.899494936611665,11.071067811865476,62,0.17119999984060996,False,True
0.4,70,ucs,True,11.071067811865476,11.071067811865476,60,0.2853999999388179,True,True
0.4,70,greedy,True,11.071067811865476,11.071067811865476,11,0.059299999975337414,True,True
0.4,70,astar,True,11.071067811865476,11.071067811865476,12,0.06230000008144998,True,True
0.4,71,bfs,True,17.071067811865476,17.071067811865476,73,0.18799999998009298,True,True
0.4,71,ucs,True,17.071067811865476,17.071067811865476,73,0.3301000001556531,True,True
0.4,71,greedy,True,18.48528137423857,17.071067811865476,25,0.12730000025840127,False,True
0.4,71,astar,True,17.071067811865476,17.071067811865476,40,0.19220000012865057,True,True
0.4,72,bfs,True,9.071067811865476,9.071067811865476,40,0.10229999998045969,True,True
0.4,72,ucs,True,9.071067811865476,9.071067811865476,41,0.1905999997688923,True,True
0.4,72,greedy,True,9.071067811865476,9.071067811865476,9,0.04669999998441199,True,True
0.4,72,astar,True,9.071067811865476,9.071067811865476,12,0.05650000002788147,True,True
0.4,73,bfs,True,13.313708498984761,11.65685424949238,77,0.3488000002107583,False,True
0.4,73,ucs,True,11.65685424949238,11.65685424949238,70,0.7175000000643195,True,True
0.4,73,greedy,True,11.65685424949238,11.65685424949238,11,0.12900000001536682,True,True
0.4,73,astar,True,11.65685424949238,11.65685424949238,13,0.13929999977335683,True,True
0.4,74,bfs,True,4.82842712474619,4.82842712474619,8,0.04690000014306861,True,True
0.4,74,ucs,True,4.82842712474619,4.82842712474619,8,0.07399999958579428,True,True
0.4,74,greedy,True,4.82842712474619,4.82842712474619,5,0.04330000001573353,True,True
0.4,74,astar,True,4.82842712474619,4.82842712474619,5,0.04290000015316764,True,True
0.4,75,bfs,True,12.485281374238571,12.485281374238571,76,0.3420000002734014,True,True
0.4,75,ucs,True,12.485281374238571,12.485281374238571,77,0.36709999994855025,True,True
0.4,75,greedy,True,12.485281374238571,12.485281374238571,11,0.06859999984953902,True,True
0.4,75,astar,True,12.485281374238571,12.485281374238571,30,0.16300000015689875,True,True
0.4,76,bfs,True,13.071067811865476,13.071067811865476,75,0.1934000001710956,True,True
0.4,76,ucs,True,13.071067811865476,13.071067811865476,75,0.3501999999571126,True,True
0.4,76,greedy,True,14.727922061357857,13.071067811865476,13,0.07619999996677507,False,True
0.4,76,astar,True,13.071067811865476,13.071067811865476,39,0.20319999975981773,True,True
0.4,77,bfs,True,12.899494936611665,12.899494936611665,67,0.1720000000204891,True,True
0.4,77,ucs,True,12.899494936611665,12.899494936611665,67,0.3119999996670231,True,True
0.4,77,greedy,True,12.899494936611665,12.899494936611665,11,0.06590000020878506,True,True
0.4,77,astar,True,12.899494936611665,12.899494936611665,20,0.1164000000244414,True,True
0.4,78,bfs,True,25.79898987322333,25.79898987322333,51,0.12809999998353305,True,True
0.4,78,ucs,True,25.79898987322333,25.79898987322333,53,0.21839999999428983,True,True
0.4,78,greedy,True,25.79898987322333,25.79898987322333,33,0.15589999975418323,True,True
0.4,78,astar,True,25.79898987322333,25.79898987322333,46,0.19959999963248265,True,True
0.4,79,bfs,True,13.485281374238571,13.485281374238571,62,0.16379999988203053,True,True
0.4,79,ucs,True,13.485281374238571,13.485281374238571,61,0.27559999989534845,True,True
0.4,79,greedy,True,13.485281374238571,13.485281374238571,12,0.06299999995462713,True,True
0.4,79,astar,True,13.485281374238571,13.485281374238571,23,0.10730000030889641,True,True
0.4,80,bfs,True,24.556349186104047,24.556349186104047,69,0.1768000001902692,True,True
0.4,80,ucs,True,24.556349186104047,24.556349186104047,70,0.3308999998807849,True,True
0.4,80,greedy,True,25.970562748477143,24.556349186104047,44,0.21910000032221433,False,True
0.4,80,astar,True,24.556349186104047,24.556349186104047,65,0.30030000016267877,True,True
0.4,81,bfs,True,8.65685424949238,8.65685424949238,39,0.1038999998854706,True,True
0.4,81,ucs,True,8.65685424949238,8.65685424949238,40,0.1909000002342509,True,True
0.4,81,greedy,True,8.65685424949238,8.65685424949238,8,0.05920000012338278,True,True
0.4,81,astar,True,8.65685424949238,8.65685424949238,11,0.05989999999655993,True,True
0.4,82,bfs,True,11.071067811865476,11.071067811865476,53,0.1382000000376138,True,True
0.4,82,ucs,True,11.071067811865476,11.071067811865476,56,0.26579999985187897,True,True
0.4,82,greedy,True,11.071067811865476,11.071067811865476,11,0.05790000022898312,True,True
0.4,82,astar,True,11.071067811865476,11.071067811865476,26,0.1415000001543376,True,True
0.4,83,bfs,False,,,62,0.16069999992396333,False,False
0.4,83,ucs,False,,,62,0.2770000000964501,False,False
0.4,83,greedy,False,,,62,0.3005000003213354,False,False
0.4,83,astar,False,,,62,0.2810999999383057,False,False
0.4,84,bfs,True,11.242640687119286,11.242640687119286,78,0.2015999998548068,True,True
0.4,84,ucs,True,11.242640687119286,11.242640687119286,78,0.3778000000238535,True,True
0.4,84,greedy,True,11.242640687119286,11.242640687119286,11,0.0762999998187297,True,True
0.4,84,astar,True,11.242640687119286,11.242640687119286,26,0.14759999976377003,True,True
0.4,85,bfs,True,7.656854249492381,7.656854249492381,44,0.12000000015177648,True,True
0.4,85,ucs,True,7.656854249492381,7.656854249492381,51,0.2465999996275059,True,True
0.4,85,greedy,True,7.656854249492381,7.656854249492381,7,0.039200000173877925,True,True
0.4,85,astar,True,7.656854249492381,7.656854249492381,7,0.03770000012082164,True,True
0.4,86,bfs,True,13.899494936611665,13.899494936611665,54,0.13730000000578002,True,True
0.4,86,ucs,True,13.899494936611665,13.899494936611665,54,0.2434000002722314,True,True
0.4,86,greedy,True,13.899494936611665,13.899494936611665,15,0.07289999985005124,True,True
0.4,86,astar,True,13.899494936611665,13.899494936611665,21,0.10029999975813553,True,True
0.4,87,bfs,True,12.82842712474619,12.82842712474619,75,0.19010000005437178,True,True
0.4,87,ucs,True,12.82842712474619,12.82842712474619,74,0.3411000002415676,True,True
0.4,87,greedy,True,14.485281374238571,12.82842712474619,16,0.08449999995718827,False,True
0.4,87,astar,True,12.82842712474619,12.82842712474619,30,0.16559999994569807,True,True
0.4,88,bfs,True,13.899494936611665,13.899494936611665,74,0.19680000013977406,True,True
0.4,88,ucs,True,13.899494936611665,13.899494936611665,74,0.33770000027288916,True,True
0.4,88,greedy,True,15.313708498984761,13.899494936611665,24,0.12440000000424334,False,True
0.4,88,astar,True,13.899494936611665,13.899494936611665,38,0.19389999988561613,True,True
0.4,89,bfs,True,3.8284271247461903,3.8284271247461903,16,0.04200000012133387,True,True
0.4,89,ucs,True,3.8284271247461903,3.8284271247461903,16,0.07760000016787671,True,True
0.4,89,greedy,True,3.8284271247461903,3.8284271247461903,4,0.021099999685247894,True,True
0.4,89,astar,True,3.8284271247461903,3.8284271247461903,4,0.020399999812070746,True,True
0.4,90,bfs,True,17.899494936611667,17.899494936611667,68,0.17440000010537915,True,True
0.4,90,ucs,True,17.899494936611667,17.899494936611667,68,0.3096000000368804,True,True
0.4,90,greedy,True,17.899494936611667,17.899494936611667,16,0.08890000026440248,True,True
0.4,90,astar,True,17.899494936611667,17.899494936611667,59,0.3289999999651627,True,True
0.4,91,bfs,True,10.485281374238571,10.485281374238571,38,0.3246999999646505,True,True
0.4,91,ucs,True,10.485281374238571,10.485281374238571,40,0.44990000014877296,True,True
0.4,91,greedy,True,10.485281374238571,10.485281374238571,10,0.05180000016480335,True,True
0.4,91,astar,True,10.485281374238571,10.485281374238571,13,0.06200000007083872,True,True
0.4,92,bfs,True,12.071067811865476,11.242640687119286,80,0.2082999999402091,False,True
0.4,92,ucs,True,11.242640687119286,11.242640687119286,80,0.39199999991978984,True,True
0.4,92,greedy,True,12.071067811865476,11.242640687119286,11,0.0760000002628658,False,True
0.4,92,astar,True,11.242640687119286,11.242640687119286,20,0.12420000030033407,True,True
0.4,93,bfs,True,16.31370849898476,16.31370849898476,52,0.19299999985378236,True,True
0.4,93,ucs,True,16.31370849898476,16.31370849898476,52,0.24570000005041948,True,True
0.4,93,greedy,True,17.14213562373095,16.31370849898476,14,0.07279999999809661,False,True
0.4,93,astar,True,16.31370849898476,16.31370849898476,26,0.12309999965509633,True,True
0.4,94,bfs,True,8.65685424949238,8.65685424949238,50,0.130899999930989,True,True
0.4,94,ucs,True,8.65685424949238,8.65685424949238,50,0.24399999983870657,True,True
0.4,94,greedy,True,8.65685424949238,8.65685424949238,8,0.047900000026857015,True,True
0.4,94,astar,True,8.65685424949238,8.65685424949238,8,0.04639999997380073,True,True
0.4,95,bfs,False,,,16,0.04279999984646565,False,False
0.4,95,ucs,False,,,16,0.07129999994504033,False,False
0.4,95,greedy,False,,,16,0.07079999977577245,False,False
0.4,95,astar,False,,,16,0.08550000029572402,False,False
0.4,96,bfs,True,10.071067811865476,10.071067811865476,48,0.12900000001536682,True,True
0.4,96,ucs,True,10.071067811865476,10.071067811865476,53,0.25689999984024325,True,True
0.4,96,greedy,True,10.071067811865476,10.071067811865476,9,0.060599999869737076,True,True
0.4,96,astar,True,10.071067811865476,10.071067811865476,19,0.11039999981221627,True,True
0.4,97,bfs,True,1.0,1.0,3,0.008600000001024455,True,True
0.4,97,ucs,True,1.0,1.0,3,0.015999999959603883,True,True
0.4,97,greedy,True,1.0,1.0,2,0.008799999704933725,True,True
0.4,97,astar,True,1.0,1.0,2,0.00850000014906982,True,True
0.4,98,bfs,True,1.0,1.0,2,0.005299999884300632,True,True
0.4,98,ucs,True,1.0,1.0,2,0.018400000044493936,True,True
0.4,98,greedy,True,1.0,1.0,2,0.009099999715544982,True,True
0.4,98,astar,True,1.0,1.0,2,0.008700000307726441,True,True
0.4,99,bfs,True,4.414213562373095,4.414213562373095,15,0.040299999909620965,True,True
0.4,99,ucs,True,4.414213562373095,4.414213562373095,15,0.0731999998606625,True,True
0.4,99,greedy,True,4.414213562373095,4.414213562373095,5,0.026300000172341242,True,True
0.4,99,astar,True,4.414213562373095,4.414213562373095,5,0.03509999987727497,True,True
0.4,100,bfs,True,1.0,1.0,2,0.005399999736255268,True,True
0.4,100,ucs,True,1.0,1.0,2,0.011300000096525764,True,True
0.4,100,greedy,True,1.0,1.0,2,0.010100000054080738,True,True
0.4,100,astar,True,1.0,1.0,2,0.010100000054080738,True,True
0.4,101,bfs,True,10.485281374238571,10.485281374238571,57,0.14779999992242665,True,True
0.4,101,ucs,True,10.485281374238571,10.485281374238571,60,0.2948000001197215,True,True
0.4,101,greedy,True,11.313708498984761,10.485281374238571,9,0.04829999988942291,False,True
0.4,101,astar,True,10.485281374238571,10.485281374238571,11,0.05469999996421393,True,True
0.4,102,bfs,True,19.899494936611667,19.899494936611667,68,0.17249999973500962,True,True
0.4,102,ucs,True,19.899494936611667,19.899494936611667,68,0.30459999970844365,True,True
0.4,102,greedy,True,20.727922061357855,19.899494936611667,32,0.1602000002094428,False,True
0.4,102,astar,True,19.899494936611667,19.899494936611667,48,0.22209999997357954,True,True
0.4,103,bfs,False,,,1,0.004300000000512227,False,False
0.4,103,ucs,False,,,1,0.004800000169780105,False,False
0.4,103,greedy,False,,,1,0.0039000001379463356,False,False
0.4,103,astar,False,,,1,0.003600000127335079,False,False
0.4,104,bfs,True,1.0,1.0,2,0.005099999725644011,True,True
0.4,104,ucs,True,1.0,1.0,2,0.012900000001536682,True,True
0.4,104,greedy,True,1.0,1.0,2,0.008999999863590347,True,True
0.4,104,astar,True,1.0,1.0,2,0.008600000001024455,True,True
0.4,105,bfs,True,1.0,1.0,3,0.008400000297115184,True,True
0.4,105,ucs,True,1.0,1.0,3,0.01630000042496249,True,True
0.4,105,greedy,True,1.0,1.0,2,0.009999999747378752,True,True
0.4,105,astar,True,1.0,1.0,2,0.009700000191514846,True,True
0.4,106,bfs,False,,,1,0.0036999999792897142,False,False
0.4,106,ucs,False,,,1,0.004300000000512227,False,False
0.4,106,greedy,False,,,1,0.0033000001167238224,False,False
0.4,106,astar,False,,,1,0.003499999820633093,False,False
0.4,107,bfs,True,11.65685424949238,11.65685424949238,56,0.15110000003915047,True,True
0.4,107,ucs,True,11.65685424949238,11.65685424949238,56,0.2542000001994893,True,True
0.4,107,greedy,True,12.485281374238571,11.65685424949238,11,0.06419999999707215,False,True
0.4,107,astar,True,11.65685424949238,11.65685424949238,16,0.08780000007391209,True,True
0.4,108,bfs,True,13.071067811865476,13.071067811865476,60,0.15249999978550477,True,True
0.4,108,ucs,True,13.071067811865476,13.071067811865476,60,0.2689999996619008,True,True
0.4,108,greedy,True,13.899494936611665,13.071067811865476,12,0.0721999999768741,False,True
0.4,108,astar,True,13.071067811865476,13.071067811865476,17,0.08399999978792039,True,True
0.4,109,bfs,False,,,2,0.006199999916134402,False,False
0.4,109,ucs,False,,,2,0.008299999990413198,False,False
0.4,109,greedy,False,,,2,0.007000000096013537,False,False
0.4,109,astar,False,,,2,0.00670000008540228,False,False
0.4,110,bfs,False,,,2,0.006599999778700294,False,False
0.4,110,ucs,False,,,2,0.008200000138458563,False,False
0.4,110,greedy,False,,,2,0.007300000106624793,False,False
0.4,110,astar,False,,,2,0.007300000106624793,False,False
0.4,111,bfs,True,7.414213562373095,7.414213562373095,46,0.12139999989813077,True,True
0.4,111,ucs,True,7.414213562373095,7.414213562373095,43,0.2119999999194988,True,True
0.4,111,greedy,True,7.414213562373095,7.414213562373095,8,0.04399999988891068,True,True
0.4,111,astar,True,7.414213562373095,7.414213562373095,9,0.04620000026989146,True,True
0.4,112,bfs,True,9.65685424949238,9.65685424949238,29,0.08230000003095483,True,True
0.4,112,ucs,True,9.65685424949238,9.65685424949238,29,0.1453999998375366,True,True
0.4,112,greedy,True,9.65685424949238,9.65685424949238,10,0.05289999990054639,True,True
0.4,112,astar,True,9.65685424949238,9.65685424949238,12,0.05579999969995697,True,True
0.4,113,bfs,True,11.242640687119286,11.242640687119286,64,0.16760000016802223,True,True
0.4,113,ucs,True,11.242640687119286,11.242640687119286,63,0.3038999998352665,True,True
0.4,113,greedy,True,12.899494936611665,11.242640687119286,11,0.06639999992330559,False,True
0.4,113,astar,True,11.242640687119286,11.242640687119286,21,0.11159999985466129,True,True
0.4,114,bfs,False,,,75,0.25129999994533136,False,False
0.4,114,ucs,False,,,75,0.3526999998939573,False,False
0.4,114,greedy,False,,,75,0.37650000012945384,False,False
0.4,114,astar,False,,,75,0.37130000009710784,False,False
0.4,115,bfs,True,5.82842712474619,5.82842712474619,16,0.04089999993084348,True,True
0.4,115,ucs,True,5.82842712474619,5.82842712474619,16,0.07090000008247443,True,True
0.4,115,greedy,True,5.82842712474619,5.82842712474619,6,0.027999999929306796,True,True
0.4,115,astar,True,5.82842712474619,5.82842712474619,6,0.026900000193563756,True,True
0.4,116,bfs,True,11.071067811865476,10.242640687119286,41,0.10759999986476032,False,True
0.4,116,ucs,True,10.242640687119286,10.242640687119286,39,0.18599999975776882,True,True
0.4,116,greedy,True,11.071067811865476,10.242640687119286,10,0.051900000016757986,False,True
0.4,116,astar,True,10.242640687119286,10.242640687119286,13,0.07200000027296483,True,True
0.4,117,bfs,True,14.313708498984761,14.313708498984761,67,0.1803000000109023,True,True
0.4,117,ucs,True,14.313708498984761,14.313708498984761,68,0.30160000005707843,True,True
0.4,117,greedy,True,14.313708498984761,14.313708498984761,16,0.0835999999253545,True,True
0.4,117,astar,True,14.313708498984761,14.313708498984761,26,0.12710000009974465,True,True
0.4,118,bfs,True,2.414213562373095,2.414213562373095,4,0.010300000212737359,True,True
0.4,118,ucs,True,2.414213562373095,2.414213562373095,4,0.018199999885837315,True,True
0.4,118,greedy,True,2.414213562373095,2.414213562373095,3,0.011099999937869143,True,True
0.4,118,astar,True,2.414213562373095,2.414213562373095,3,0.010899999779212521,True,True
0.4,119,bfs,True,11.242640687119286,11.242640687119286,78,0.2079000000776432,True,True
0.4,119,ucs,True,11.242640687119286,11.242640687119286,77,0.36940000018148567,True,True
0.4,119,greedy,True,12.899494936611665,11.242640687119286,11,0.07329999971261714,False,True
0.4,119,astar,True,11.242640687119286,11.242640687119286,26,0.14620000001741573,True,True
0.4,120,bfs,True,4.82842712474619,4.82842712474619,17,0.043000000005122274,True,True
0.4,120,ucs,True,4.82842712474619,4.82842712474619,17,0.07580000010420918,True,True
0.4,120,greedy,True,4.82842712474619,4.82842712474619,5,0.024500000108673703,True,True
0.4,120,astar,True,4.82842712474619,4.82842712474619,6,0.02949999998236308,True,True
0.4,121,bfs,True,4.82842712474619,4.82842712474619,17,0.041599999804020626,True,True
0.4,121,ucs,True,4.82842712474619,4.82842712474619,16,0.0691000000188069,True,True
0.4,121,greedy,True,4.82842712474619,4.82842712474619,5,0.022200000330485636,True,True
0.4,121,astar,True,4.82842712474619,4.82842712474619,6,0.03839999999399879,True,True
0.4,122,bfs,True,11.242640687119286,11.242640687119286,60,0.15589999975418323,True,True
0.4,122,ucs,True,11.242640687119286,11.242640687119286,55,0.26659999957701075,True,True
0.4,122,greedy,True,13.485281374238571,11.242640687119286,12,0.07610000011482043,False,True
0.4,122,astar,True,11.242640687119286,11.242640687119286,13,0.06819999998697313,True,True
0.4,123,bfs,True,9.242640687119286,9.242640687119286,57,0.1544000001558743,True,True
0.4,123,ucs,True,9.242640687119286,9.242640687119286,54,0.26519999983065645,True,True
0.4,123,greedy,True,10.071067811865476,9.242640687119286,9,0.048800000058690784,False,True
0.4,123,astar,True,9.242640687119286,9.242640687119286,11,0.05890000011277152,True,True
0.4,124,bfs,False,,,69,0.1760999998623447,False,False
0.4,124,ucs,False,,,69,0.314899999921181,False,False
0.4,124,greedy,False,,,69,0.32039999996413826,False,False
0.4,124,astar,False,,,69,0.31459999991056975,False,False
0.4,125,bfs,True,11.242640687119286,11.242640687119286,44,0.1233000002685003,True,True
0.4,125,ucs,True,11.242640687119286,11.242640687119286,37,0.17920000027515925,True,True
0.4,125,greedy,True,11.242640687119286,11.242640687119286,11,0.05959999998594867,True,True
0.4,125,astar,True,11.242640687119286,11.242640687119286,13,0.07759999971312936,True,True
0.4,126,bfs,False,,,55,0.14169999985824688,False,False
0.4,126,ucs,False,,,55,0.24510000002919696,False,False
0.4,126,greedy,False,,,55,0.31790000002729357,False,False
0.4,126,astar,False,,,55,0.25439999990339857,False,False
0.4,127,bfs,True,15.65685424949238,15.65685424949238,53,0.13469999976223335,True,True
0.4,127,ucs,True,15.65685424949238,15.65685424949238,53,0.23669999973208178,True,True
0.4,127,greedy,True,15.65685424949238,15.65685424949238,16,0.08059999981924193,True,True
0.4,127,astar,True,15.65685424949238,15.65685424949238,23,0.1142999999501626,True,True
0.4,128,bfs,True,10.071067811865476,9.242640687119286,49,0.22850000004837057,False,True
0.4,128,ucs,True,9.242640687119286,9.242640687119286,50,0.24809999968056218,True,True
0.4,128,greedy,True,10.071067811865476,9.242640687119286,9,0.05310000005920301,False,True
0.4,128,astar,True,9.242640687119286,9.242640687119286,18,0.10199999996984843,True,True
0.4,129,bfs,True,13.899494936611665,13.899494936611665,75,0.19470000006549526,True,True
0.4,129,ucs,True,13.899494936611665,13.899494936611665,75,0.3531000002112705,True,True
0.4,129,greedy,True,13.899494936611665,13.899494936611665,14,0.08550000029572402,True,True
0.4,129,astar,True,13.899494936611665,13.899494936611665,44,0.23620000001756125,True,True
0.4,130,bfs,True,11.485281374238571,11.485281374238571,55,0.1440000000911823,True,True
0.4,130,ucs,True,11.485281374238571,11.485281374238571,59,0.2911000001404318,True,True
0.4,130,greedy,True,11.485281374238571,11.485281374238571,10,0.07090000008247443,True,True
0.4,130,astar,True,11.485281374238571,11.485281374238571,23,0.14060000012250384,True,True
0.4,131,bfs,True,9.65685424949238,9.65685424949238,47,0.12319999996179831,True,True
0.4,131,ucs,True,9.65685424949238,9.65685424949238,47,0.22780000017519342,True,True
0.4,131,greedy,True,9.65685424949238,9.65685424949238,9,0.04690000014306861,True,True
0.4,131,astar,True,9.65685424949238,9.65685424949238,13,0.06280000025071786,True,True
0.4,132,bfs,False,,,2,0.006300000222836388,False,False
0.4,132,ucs,False,,,2,0.008299999990413198,False,False
0.4,132,greedy,False,,,2,0.006999999641266186,False,False
0.4,132,astar,False,,,2,0.00670000008540228,False,False
0.4,133,bfs,True,7.656854249492381,7.656854249492381,39,0.11029999996026163,True,True
0.4,133,ucs,True,7.656854249492381,7.656854249492381,33,0.16239999968092889,True,True
0.4,133,greedy,True,7.656854249492381,7.656854249492381,7,0.04080000007888884,True,True
0.4,133,astar,True,7.656854249492381,7.656854249492381,11,0.05800000008093775,True,True
0.4,134,bfs,True,10.65685424949238,10.65685424949238,61,0.15729999995528487,True,True
0.4,134,ucs,True,10.65685424949238,10.65685424949238,61,0.28129999964221497,True,True
0.4,134,greedy,True,11.485281374238571,10.65685424949238,10,0.0594000002820394,False,True
0.4,134,astar,True,10.65685424949238,10.65685424949238,15,0.08019999995667604,True,True
0.4,135,bfs,False,,,67,0.1820000002226152,False,False
0.4,135,ucs,False,,,67,0.30430000015257974,False,False
0.4,135,greedy,False,,,67,0.3057000003536814,False,False
0.4,135,astar,False,,,67,0.30030000016267877,False,False
0.4,136,bfs,True,12.071067811865476,12.071067811865476,61,0.15690000009271898,True,True
0.4,136,ucs,True,12.071067811865476,12.071067811865476,61,0.309599999582133,True,True
0.4,136,greedy,True,12.071067811865476,12.071067811865476,11,0.07400000004054164,True,True
0.4,136,astar,True,12.071067811865476,12.071067811865476,26,0.14259999989008065,True,True
0.4,137,bfs,True,5.414213562373095,5.414213562373095,29,0.07460000006176415,True,True
0.4,137,ucs,True,5.414213562373095,5.414213562373095,27,0.1247000000148546,True,True
0.4,137,greedy,True,5.414213562373095,5.414213562373095,6,0.02500000027794158,True,True
0.4,137,astar,True,5.414213562373095,5.414213562373095,6,0.023999999939405825,True,True
0.4,138,bfs,True,10.071067811865476,10.071067811865476,53,0.1388000000588363,True,True
0.4,138,ucs,True,10.071067811865476,10.071067811865476,54,0.287699999717006,True,True
0.4,138,greedy,True,10.071067811865476,10.071067811865476,9,0.05689999989044736,True,True
0.4,138,astar,True,10.071067811865476,10.071067811865476,14,0.08109999998850981,True,True
0.4,139,bfs,True,12.242640687119286,12.242640687119286,71,0.1820000002226152,True,True
0.4,139,ucs,True,12.242640687119286,12.242640687119286,71,0.32460000011269585,True,True
0.4,139,greedy,True,15.071067811865476,12.242640687119286,26,0.13970000009067007,False,True
0.4,139,astar,True,12.242640687119286,12.242640687119286,13,0.07060000007186318,True,True
0.4,140,bfs,True,12.485281374238571,12.485281374238571,43,0.11249999988649506,True,True
0.4,140,ucs,True,12.485281374238571,12.485281374238571,44,0.20109999968553893,True,True
0.4,140,greedy,True,13.313708498984761,12.485281374238571,11,0.0638999999864609,False,True
0.4,140,astar,True,12.485281374238571,12.485281374238571,23,0.12079999987690826,True,True
0.4,141,bfs,True,3.8284271247461903,3.8284271247461903,12,0.03229999992981902,True,True
0.4,141,ucs,True,3.8284271247461903,3.8284271247461903,12,0.05999999984851456,True,True
0.4,141,greedy,True,3.8284271247461903,3.8284271247461903,4,0.02009999980145949,True,True
0.4,141,astar,True,3.8284271247461903,3.8284271247461903,5,0.024500000108673703,True,True
0.4,142,bfs,True,12.485281374238571,12.485281374238571,62,0.1706000002741348,True,True
0.4,142,ucs,True,12.485281374238571,12.485281374238571,63,0.30689999994137906,True,True
0.4,142,greedy,True,12.485281374238571,12.485281374238571,11,0.06710000025123009,True,True
0.4,142,astar,True,12.485281374238571,12.485281374238571,27,0.14689999989059288,True,True
0.4,143,bfs,False,,,71,0.18520000003263704,False,False
0.4,143,ucs,False,,,71,0.33269999994445243,False,False
0.4,143,greedy,False,,,71,0.3378999999767984,False,False
0.4,143,astar,False,,,71,0.33830000029411167,False,False
0.4,144,bfs,True,12.071067811865476,12.071067811865476,74,0.19770000017160783,True,True
0.4,144,ucs,True,12.071067811865476,12.071067811865476,69,0.33529999973325175,True,True
0.4,144,greedy,True,12.071067811865476,12.071067811865476,11,0.06429999984902679,True,True
0.4,144,astar,True,12.071067811865476,12.071067811865476,16,0.08190000016838894,True,True
0.4,145,bfs,True,21.48528137423857,21.48528137423857,71,0.18070000032821554,True,True
0.4,145,ucs,True,21.48528137423857,21.48528137423857,71,0.313699999878736,True,True
0.4,145,greedy,True,23.970562748477143,21.48528137423857,35,0.187899999673391,False,True
0.4,145,astar,True,21.48528137423857,21.48528137423857,46,0.22430000035456032,True,True
0.4,146,bfs,True,15.313708498984761,15.313708498984761,71,0.18279999994774698,True,True
0.4,146,ucs,True,15.313708498984761,15.313708498984761,71,0.32449999980599387,True,True
0.4,146,greedy,True,18.970562748477143,15.313708498984761,16,0.09760000011738157,False,True
0.4,146,astar,True,15.313708498984761,15.313708498984761,40,0.20549999999275315,True,True
0.4,147,bfs,True,12.899494936611665,12.071067811865476,61,0.15450000000782893,False,True
0.4,147,ucs,True,12.071067811865476,12.071067811865476,59,0.26519999983065645,True,True
0.4,147,greedy,True,12.071067811865476,12.071067811865476,11,0.055500000144093065,True,True
0.4,147,astar,True,12.071067811865476,12.071067811865476,20,0.09000000000014552,True,True
0.4,148,bfs,True,13.727922061357857,13.727922061357857,63,0.1677999998719315,True,True
0.4,148,ucs,True,13.727922061357857,13.727922061357857,66,0.2899000000979868,True,True
0.4,148,greedy,True,13.727922061357857,13.727922061357857,12,0.061499999901570845,True,True
0.4,148,astar,True,13.727922061357857,13.727922061357857,25,0.1253000000360771,True,True
0.4,149,bfs,True,12.899494936611665,12.899494936611665,65,0.1685999995970633,True,True
0.4,149,ucs,True,12.899494936611665,12.899494936611665,67,0.3370999997969193,True,True
0.4,149,greedy,True,12.899494936611665,12.899494936611665,11,0.07439999990310753,True,True
0.4,149,astar,True,12.899494936611665,12.899494936611665,27,0.1712999996925646,True,True
0.4,150,bfs,True,14.313708498984761,14.313708498984761,57,0.1471000000492495,True,True
0.4,150,ucs,True,14.313708498984761,14.313708498984761,58,0.26289999959772103,True,True
0.4,150,greedy,True,14.313708498984761,14.313708498984761,12,0.07310000000870787,True,True
0.4,150,astar,True,14.313708498984761,14.313708498984761,31,0.3778000000238535,True,True
0.4,151,bfs,True,13.242640687119286,13.242640687119286,59,0.3758000002562767,True,True
0.4,151,ucs,True,13.242640687119286,13.242640687119286,55,0.5389000002651301,True,True
0.4,151,greedy,True,14.899494936611665,13.242640687119286,13,0.13720000015382539,False,True
0.4,151,astar,True,13.242640687119286,13.242640687119286,15,0.15149999990171636,True,True
0.4,152,bfs,True,12.899494936611665,12.899494936611665,43,0.19239999983255984,True,True
0.4,152,ucs,True,12.899494936611665,12.899494936611665,43,0.19569999994928367,True,True
0.4,152,greedy,True,12.899494936611665,12.899494936611665,11,0.05959999998594867,True,True
0.4,152,astar,True,12.899494936611665,12.899494936611665,26,0.13119999994160025,True,True
0.4,153,bfs,True,15.485281374238571,15.485281374238571,60,0.15460000031453092,True,True
0.4,153,ucs,True,15.485281374238571,15.485281374238571,62,0.26939999997921404,True,True
0.4,153,greedy,True,15.485281374238571,15.485281374238571,14,0.08159999970303033,True,True
0.4,153,astar,True,15.485281374238571,15.485281374238571,35,0.1695000000836444,True,True
0.4,154,bfs,True,11.65685424949238,11.65685424949238,65,0.17019999995682156,True,True
0.4,154,ucs,True,11.65685424949238,11.65685424949238,66,0.3501999999571126,True,True
0.4,154,greedy,True,11.65685424949238,11.65685424949238,13,0.08069999967119657,True,True
0.4,154,astar,True,11.65685424949238,11.65685424949238,21,0.11399999993955134,True,True
0.4,155,bfs,True,9.242640687119286,9.242640687119286,47,0.12419999984558672,True,True
0.4,155,ucs,True,9.242640687119286,9.242640687119286,42,0.19720000000233995,True,True
0.4,155,greedy,True,9.242640687119286,9.242640687119286,9,0.04529999978331034,True,True
0.4,155,astar,True,9.242640687119286,9.242640687119286,10,0.04829999988942291,True,True
0.4,156,bfs,True,10.65685424949238,10.65685424949238,56,0.1461000001654611,True,True
0.4,156,ucs,True,10.65685424949238,10.65685424949238,49,0.22829999988971394,True,True
0.4,156,greedy,True,10.65685424949238,10.65685424949238,10,0.05379999993238016,True,True
0.4,156,astar,True,10.65685424949238,10.65685424949238,14,0.07090000008247443,True,True
0.4,157,bfs,True,9.65685424949238,9.65685424949238,32,0.08269999989352073,True,True
0.4,157,ucs,True,9.65685424949238,9.65685424949238,34,0.16219999997701962,True,True
0.4,157,greedy,True,9.65685424949238,9.65685424949238,9,0.044999999772699084,True,True
0.4,157,astar,True,9.65685424949238,9.65685424949238,13,0.061300000197661575,True,True
0.4,158,bfs,True,6.656854249492381,6.656854249492381,36,0.1366999999845575,True,True
0.4,158,ucs,True,6.656854249492381,6.656854249492381,38,0.38929999982428853,True,True
0.4,158,greedy,True,6.656854249492381,6.656854249492381,6,0.07790000017848797,True,True
0.4,158,astar,True,6.656854249492381,6.656854249492381,11,0.1194999999825086,True,True
0.4,159,bfs,True,6.242640687119286,6.242640687119286,35,0.22130000024844776,True,True
0.4,159,ucs,True,6.242640687119286,6.242640687119286,36,0.22480000006908085,True,True
0.4,159,greedy,True,6.242640687119286,6.242640687119286,8,0.0449000003754918,True,True
0.4,159,astar,True,6.242640687119286,6.242640687119286,7,0.039600000036443816,True,True
0.4,160,bfs,True,1.0,1.0,2,0.0059000003602704965,True,True
0.4,160,ucs,True,1.0,1.0,2,0.009900000350171467,True,True
0.4,160,greedy,True,1.0,1.0,2,0.008099999831756577,True,True
0.4,160,astar,True,1.0,1.0,2,0.007599999662488699,True,True
0.4,161,bfs,True,7.82842712474619,7.82842712474619,47,0.12520000018412247,True,True
0.4,161,ucs,True,7.82842712474619,7.82842712474619,40,0.19810000003417372,True,True
0.4,161,greedy,True,7.82842712474619,7.82842712474619,8,0.04979999994247919,True,True
0.4,161,astar,True,7.82842712474619,7.82842712474619,8,0.038500000300700776,True,True
0.4,162,bfs,True,7.82842712474619,7.82842712474619,35,0.09270000009564683,True,True
0.4,162,ucs,True,7.82842712474619,7.82842712474619,35,0.16450000020995503,True,True
0.4,162,greedy,True,8.65685424949238,7.82842712474619,8,0.039600000036443816,False,True
0.4,162,astar,True,7.82842712474619,7.82842712474619,10,0.04470000021683518,True,True
0.4,163,bfs,True,15.313708498984761,15.313708498984761,71,0.18079999972542282,True,True
0.4,163,ucs,True,15.313708498984761,15.313708498984761,71,0.3295000001344306,True,True
0.4,163,greedy,True,15.313708498984761,15.313708498984761,19,0.11040000026696362,True,True
0.4,163,astar,True,15.313708498984761,15.313708498984761,47,0.2490000001671433,True,True
0.4,164,bfs,True,7.656854249492381,7.656854249492381,42,0.11089999998148414,True,True
0.4,164,ucs,True,7.656854249492381,7.656854249492381,40,0.20069999982297304,True,True
0.4,164,greedy,True,7.656854249492381,7.656854249492381,7,0.04289999969842029,True,True
0.4,164,astar,True,7.656854249492381,7.656854249492381,9,0.05329999976311228,True,True
0.4,165,bfs,True,2.0,2.0,6,0.017100000150094274,True,True
0.4,165,ucs,True,2.0,2.0,6,0.033799999982875306,True,True
0.4,165,greedy,True,2.0,2.0,3,0.015500000245083356,True,True
0.4,165,astar,True,2.0,2.0,3,0.014900000223860843,True,True
0.4,166,bfs,True,2.8284271247461903,2.8284271247461903,12,0.0403999997615756,True,True
0.4,166,ucs,True,2.8284271247461903,2.8284271247461903,12,0.06249999978535925,True,True
0.4,166,greedy,True,2.8284271247461903,2.8284271247461903,3,0.017600000319362152,True,True
0.4,166,astar,True,2.8284271247461903,2.8284271247461903,3,0.016400000276917126,True,True
0.4,167,bfs,False,,,69,0.173700000232202,False,False
0.4,167,ucs,False,,,69,0.2973000000565662,False,False
0.4,167,greedy,False,,,69,0.30609999976149993,False,False
0.4,167,astar,False,,,69,0.3179999998792482,False,False
0.4,168,bfs,False,,,68,0.1733999997668434,False,False
0.4,168,ucs,False,,,68,0.30779999997321283,False,False
0.4,168,greedy,False,,,68,0.33269999994445243,False,False
0.4,168,astar,False,,,68,0.3320000000712753,False,False
0.4,169,bfs,True,12.485281374238571,11.65685424949238,60,0.15630000007149647,False,True
0.4,169,ucs,True,11.65685424949238,11.65685424949238,44,0.2051999999821419,True,True
0.4,169,greedy,True,11.65685424949238,11.65685424949238,12,0.05620000001727021,True,True
0.4,169,astar,True,11.65685424949238,11.65685424949238,16,0.06869999970149365,True,True
0.4,170,bfs,True,3.414213562373095,3.414213562373095,5,0.013200000012147939,True,True
0.4,170,ucs,True,3.414213562373095,3.414213562373095,5,0.022199999875738285,True,True
0.4,170,greedy,True,3.414213562373095,3.414213562373095,4,0.014200000350683695,True,True
0.4,170,astar,True,3.414213562373095,3.414213562373095,4,0.013699999726668466,True,True
0.4,171,bfs,True,5.414213562373095,5.414213562373095,27,0.07170000026235357,True,True
0.4,171,ucs,True,5.414213562373095,5.414213562373095,26,0.13110000008964562,True,True
0.4,171,greedy,True,5.414213562373095,5.414213562373095,6,0.036299999919719994,True,True
0.4,171,astar,True,5.414213562373095,5.414213562373095,8,0.04199999966658652,True,True
0.4,172,bfs,True,14.899494936611665,14.899494936611665,64,0.16660000028423383,True,True
0.4,172,ucs,True,14.899494936611665,14.899494936611665,69,0.3280000000813743,True,True
0.4,172,greedy,True,14.899494936611665,14.899494936611665,13,0.08020000041142339,True,True
0.4,172,astar,True,14.899494936611665,14.899494936611665,21,0.10900000006586197,True,True
0.4,173,bfs,True,1.0,1.0,3,0.0068999997893115506,True,True
0.4,173,ucs,True,1.0,1.0,3,0.009999999747378752,True,True
0.4,173,greedy,True,1.0,1.0,2,0.00650000038149301,True,True
0.4,173,astar,True,1.0,1.0,2,0.006100000064179767,True,True
0.4,174,bfs,True,10.242640687119286,10.242640687119286,64,0.16349999987141928,True,True
0.4,174,ucs,True,10.242640687119286,10.242640687119286,59,0.2756999997473031,True,True
0.4,174,greedy,True,10.242640687119286,10.242640687119286,10,0.05580000015470432,True,True
0.4,174,astar,True,10.242640687119286,10.242640687119286,14,0.07289999985005124,True,True
0.4,175,bfs,True,10.65685424949238,10.65685424949238,48,0.12650000007852213,True,True
0.4,175,ucs,True,10.65685424949238,10.65685424949238,52,0.2490000001671433,True,True
0.4,175,greedy,True,10.65685424949238,10.65685424949238,11,0.059299999975337414,True,True
0.4,175,astar,True,10.65685424949238,10.65685424949238,15,0.07400000004054164,True,True
0.4,176,bfs,True,13.899494936611665,13.899494936611665,70,0.17960000013772515,True,True
0.4,176,ucs,True,13.899494936611665,13.899494936611665,72,0.32179999971049256,True,True
0.4,176,greedy,True,13.899494936611665,13.899494936611665,17,0.10480000037205173,True,True
0.4,176,astar,True,13.899494936611665,13.899494936611665,33,0.17590000015843543,True,True
0.4,177,bfs,True,8.071067811865476,8.071067811865476,41,0.10720000000219443,True,True
0.4,177,ucs,True,8.071067811865476,8.071067811865476,45,0.20909999966534087,True,True
0.4,177,greedy,True,8.071067811865476,8.071067811865476,7,0.04440000020622392,True,True
0.4,177,astar,True,8.071067811865476,8.071067811865476,8,0.047200000153679866,True,True
0.4,178,bfs,True,2.0,2.0,5,0.013000000308238668,True,True
0.4,178,ucs,True,2.0,2.0,5,0.024700000267330324,True,True
0.4,178,greedy,True,2.0,2.0,3,0.011899999663000926,True,True
0.4,178,astar,True,2.0,2.0,3,0.0113999999484804,True,True
0.4,179,bfs,True,2.0,2.0,9,0.023999999939405825,True,True
0.4,179,ucs,True,2.0,2.0,7,0.036499999623629265,True,True
0.4,179,greedy,True,2.0,2.0,3,0.015099999927770114,True,True
0.4,179,astar,True,2.0,2.0,3,0.014100000043981709,True,True
0.4,180,bfs,False,,,9,0.023999999939405825,False,False
0.4,180,ucs,False,,,9,0.03620000006776536,False,False
0.4,180,greedy,False,,,9,0.03400000014153193,False,False
0.4,180,astar,False,,,9,0.03349999997226405,False,False
0.4,181,bfs,True,11.071067811865476,11.071067811865476,67,0.26979999984177994,True,True
0.4,181,ucs,True,11.071067811865476,11.071067811865476,65,0.7973000001584296,True,True
0.4,181,greedy,True,12.485281374238571,11.071067811865476,11,0.141299999995681,False,True
0.4,181,astar,True,11.071067811865476,11.071067811865476,22,0.14770000007047202,True,True
0.4,182,bfs,True,14.071067811865476,14.071067811865476,77,0.19930000007661874,True,True
0.4,182,ucs,True,14.071067811865476,14.071067811865476,77,0.3535000000738364,True,True
0.4,182,greedy,True,14.899494936611665,14.071067811865476,15,0.10259999999107094,False,True
0.4,182,astar,True,14.071067811865476,14.071067811865476,33,0.18319999981031287,True,True
0.4,183,bfs,True,12.727922061357857,12.727922061357857,63,0.16400000004068715,True,True
0.4,183,ucs,True,12.727922061357857,12.727922061357857,66,0.29640000002473244,True,True
0.4,183,greedy,True,12.727922061357857,12.727922061357857,10,0.06469999971159268,True,True
0.4,183,astar,True,12.727922061357857,12.727922061357857,15,0.08409999963987502,True,True
0.4,184,bfs,True,13.313708498984761,13.313708498984761,58,0.14800000008108327,True,True
0.4,184,ucs,True,13.313708498984761,13.313708498984761,61,0.2725999997892359,True,True
0.4,184,greedy,True,14.142135623730951,13.313708498984761,16,0.08500000012645614,False,True
0.4,184,astar,True,13.313708498984761,13.313708498984761,31,0.14729999975315877,True,True
0.4,185,bfs,True,14.313708498984761,14.313708498984761,50,0.12689999994108803,True,True
0.4,185,ucs,True,14.313708498984761,14.313708498984761,55,0.25760000016816775,True,True
0.4,185,greedy,True,14.313708498984761,14.313708498984761,12,0.06869999970149365,True,True
0.4,185,astar,True,14.313708498984761,14.313708498984761,17,0.0884000000951346,True,True
0.4,186,bfs,True,4.0,4.0,14,0.03680000008898787,True,True
0.4,186,ucs,True,4.0,4.0,14,0.06810000013501849,True,True
0.4,186,greedy,True,4.0,4.0,5,0.024899999971239595,True,True
0.4,186,astar,True,4.0,4.0,5,0.023600000076839933,True,True
0.4,187,bfs,True,3.8284271247461903,3.8284271247461903,10,0.02570000015111873,True,True
0.4,187,ucs,True,3.8284271247461903,3.8284271247461903,11,0.05690000034519471,True,True
0.4,187,greedy,True,3.8284271247461903,3.8284271247461903,4,0.019999999949504854,True,True
0.4,187,astar,True,3.8284271247461903,3.8284271247461903,5,0.023799999780749204,True,True
0.4,188,bfs,False,,,54,0.14250000003812602,False,False
0.4,188,ucs,False,,,54,0.24919999987105257,False,False
0.4,188,greedy,False,,,54,0.2629000000524684,False,False
0.4,188,astar,False,,,54,0.2546999999140098,False,False
0.4,189,bfs,True,15.65685424949238,15.65685424949238,45,0.11410000024625333,True,True
0.4,189,ucs,True,15.65685424949238,15.65685424949238,45,0.19139999994877144,True,True
0.4,189,greedy,True,15.65685424949238,15.65685424949238,15,0.07189999996626284,True,True
0.4,189,astar,True,15.65685424949238,15.65685424949238,41,0.19439999960013665,True,True
0.4,190,bfs,True,11.485281374238571,11.485281374238571,57,0.14899999996487168,True,True
0.4,190,ucs,True,11.485281374238571,11.485281374238571,55,0.25629999981902074,True,True
0.4,190,greedy,True,11.485281374238571,11.485281374238571,10,0.06089999988034833,True,True
0.4,190,astar,True,11.485281374238571,11.485281374238571,18,0.09619999991627992,True,True
0.4,191,bfs,True,6.414213562373095,6.414213562373095,19,0.04850000004807953,True,True
0.4,191,ucs,True,6.414213562373095,6.414213562373095,19,0.07989999994606478,True,True
0.4,191,greedy,True,6.414213562373095,6.414213562373095,7,0.03259999994043028,True,True
0.4,191,astar,True,6.414213562373095,6.414213562373095,9,0.04080000007888884,True,True
0.4,192,bfs,True,2.0,2.0,9,0.022500000341096893,True,True
0.4,192,ucs,True,2.0,2.0,7,0.03569999989849748,True,True
0.4,192,greedy,True,2.0,2.0,3,0.015699999948992627,True,True
0.4,192,astar,True,2.0,2.0,3,0.012999999853491317,True,True
0.4,193,bfs,True,10.071067811865476,10.071067811865476,52,0.1345999999102787,True,True
0.4,193,ucs,True,10.071067811865476,10.071067811865476,52,0.24029999985941686,True,True
0.4,193,greedy,True,10.071067811865476,10.071067811865476,9,0.05740000005971524,True,True
0.4,193,astar,True,10.071067811865476,10.071067811865476,12,0.07270000014614197,True,True
0.4,194,bfs,True,2.0,2.0,6,0.01539999993838137,True,True
0.4,194,ucs,True,2.0,2.0,6,0.02949999998236308,True,True
0.4,194,greedy,True,2.0,2.0,3,0.0144999999065476,True,True
0.4,194,astar,True,2.0,2.0,3,0.013999999737279722,True,True
0.4,195,bfs,True,10.65685424949238,10.65685424949238,66,0.17389999993611127,True,True
0.4,195,ucs,True,10.65685424949238,10.65685424949238,65,0.33389999998689746,True,True
0.4,195,greedy,True,10.65685424949238,10.65685424949238,10,0.05610000016531558,True,True
0.4,195,astar,True,10.65685424949238,10.65685424949238,21,0.11619999986578478,True,True
0.4,196,bfs,True,11.65685424949238,11.65685424949238,71,0.18520000003263704,True,True
0.4,196,ucs,True,11.65685424949238,11.65685424949238,71,0.3464999999778229,True,True
0.4,196,greedy,True,12.485281374238571,11.65685424949238,11,0.06930000017746352,False,True
0.4,196,astar,True,11.65685424949238,11.65685424949238,25,0.1343999997516221,True,True
0.4,197,bfs,True,9.242640687119286,9.242640687119286,52,0.13340000032258104,True,True
0.4,197,ucs,True,9.242640687119286,9.242640687119286,49,0.2334000000701053,True,True
0.4,197,greedy,True,10.071067811865476,9.242640687119286,9,0.04459999991013319,False,True
0.4,197,astar,True,9.242640687119286,9.242640687119286,14,0.06570000005012844,True,True
0.4,198,bfs,True,7.656854249492381,7.656854249492381,25,0.06419999999707215,True,True
0.4,198,ucs,True,7.656854249492381,7.656854249492381,25,0.12180000021544402,True,True
0.4,198,greedy,True,7.656854249492381,7.656854249492381,7,0.03259999994043028,True,True
0.4,198,astar,True,7.656854249492381,7.656854249492381,10,0.04530000023805769,True,True
0.4,199,bfs,True,11.65685424949238,11.65685424949238,56,0.14349999992191442,True,True
0.4,199,ucs,True,11.65685424949238,11.65685424949238,57,0.2660000000105356,True,True
0.4,199,greedy,True,12.485281374238571,11.65685424949238,12,0.059500000133994035,False,True
0.4,199,astar,True,11.65685424949238,11.65685424949238,16,0.07579999964946182,True,True
